跟蹤騷擾防制法,跟騷法,uni8DDF uni8E64 uni9A37 uni64FE uni9632 uni5236 uni6CD5,uni8DDF uni9A37 uni6CD5
勞動基準法,勞基法,uni52DE uni52D5 uni57FA uni6E96 uni6CD5,uni52DE uni57FA uni6CD5
憲法訴訟法,憲訴法,uni61B2 uni6CD5 uni8A34 uni8A1F uni6CD5,uni61B2 uni8A34 uni6CD5
兒童及少年福利與權益保障法,兒少法,uni5152 uni7AE5 uni53CA uni5C11 uni5E74 uni798F uni5229 uni8207 uni6B0A uni76CA uni4FDD uni969C uni6CD5,uni5152 uni5C11 uni6CD5
民事訴訟法,民訴法,uni6C11 uni4E8B uni8A34 uni8A1F uni6CD5,uni6C11 uni8A34 uni6CD5
刑事訴訟法,刑訴法,uni5211 uni4E8B uni8A34 uni8A1F uni6CD5,uni5211 uni8A34 uni6CD5
行政程序法,行程法,uni884C uni653F uni7A0B uni5E8F uni6CD5,uni884C uni7A0B uni6CD5
公民與政治權利國際公約及經濟社會文化權利國際公約,兩公約,uni516C uni6C11 uni8207 uni653F uni6CBB uni6B0A uni5229 uni570B uni969B uni516C uni7D04 uni53CA uni7D93 uni6FDF uni793E uni6703 uni6587 uni5316 uni6B0A uni5229 uni570B uni969B uni516C uni7D04,uni5169 uni516C uni7D04
性別平等教育法,性平法,uni6027 uni5225 uni5E73 uni7B49 uni6559 uni80B2 uni6CD5,uni6027 uni5E73 uni6CD5
性別工作平等法,性工法,uni6027 uni5225 uni5DE5 uni4F5C uni5E73 uni7B49 uni6CD5,uni6027 uni5DE5 uni6CD5
道路交通管理處罰條例,道交條例,uni9053 uni8DEF uni4EA4 uni901A uni7BA1 uni7406 uni8655 uni7F70 uni689D uni4F8B,uni9053 uni4EA4 uni689D uni4F8B
公職人員選舉罷免法,選罷法,uni516C uni8077 uni4EBA uni54E1 uni9078 uni8209 uni7F77 uni514D uni6CD5,uni9078 uni7F77 uni6CD5
國道一號,國一,uni570B uni9053 uni4E00 uni865F,uni570B uni4E00
中山高速公路,中山高,uni4E2D uni5C71 uni9AD8 uni901F uni516C uni8DEF,uni4E2D uni5C71 uni9AD8
國道一號甲線,國一甲,uni570B uni9053 uni4E00 uni865F uni7532 uni7DDA,uni570B uni4E00 uni7532
國道二號,國二,uni570B uni9053 uni4E8C uni865F,uni570B uni4E8C
國道二號甲線,國二甲,uni570B uni9053 uni4E8C uni865F uni7532 uni7DDA,uni570B uni4E8C uni7532
國道三號,國三,uni570B uni9053 uni4E09 uni865F,uni570B uni4E09
國道三號甲線,國三甲,uni570B uni9053 uni4E09 uni865F uni7532 uni7DDA,uni570B uni4E09 uni7532
國道四號,國四,uni570B uni9053 uni56DB uni865F,uni570B uni56DB
國道五號,國五,uni570B uni9053 uni4E94 uni865F,uni570B uni4E94
國道六號,國六,uni570B uni9053 uni516D uni865F,uni570B uni516D
國道七號,國七,uni570B uni9053 uni4E03 uni865F,uni570B uni4E03
國道八號,國八,uni570B uni9053 uni516B uni865F,uni570B uni516B
國道十號,國十,uni570B uni9053 uni5341 uni865F,uni570B uni5341
福爾摩沙高速公路,福高,uni798F uni723E uni6469 uni6C99 uni9AD8 uni901F uni516C uni8DEF,uni798F uni9AD8
第二高速公路北段,北二高,uni7B2C uni4E8C uni9AD8 uni901F uni516C uni8DEF uni5317 uni6BB5,uni5317 uni4E8C uni9AD8
第二高速公路中段,中二高,uni7B2C uni4E8C uni9AD8 uni901F uni516C uni8DEF uni4E2D uni6BB5,uni4E2D uni4E8C uni9AD8
第二高速公路南段,南二高,uni7B2C uni4E8C uni9AD8 uni901F uni516C uni8DEF uni5357 uni6BB5,uni5357 uni4E8C uni9AD8
北宜高速公路,北宜高,uni5317 uni5B9C uni9AD8 uni901F uni516C uni8DEF,uni5317 uni5B9C uni9AD8
雪山隧道,雪隧,uni96EA uni5C71 uni96A7 uni9053,uni96EA uni96A7
蘇花公路改善計畫,蘇花改,uni8607 uni82B1 uni516C uni8DEF uni6539 uni5584 uni8A08 uni756B,uni8607 uni82B1 uni6539
台中捷運,中捷,uni53F0 uni4E2D uni6377 uni904B,uni4E2D uni6377
台北車站,北車,uni53F0 uni5317 uni8ECA uni7AD9,uni5317 uni8ECA
台北捷運,北捷,uni53F0 uni5317 uni6377 uni904B,uni5317 uni6377
台灣高速鐵路,台灣高鐵,uni53F0 uni7063 uni9AD8 uni901F uni9435 uni8DEF,uni53F0 uni7063 uni9AD8 uni9435
桃園機場,桃機,uni6843 uni5712 uni6A5F uni5834,uni6843 uni6A5F
高雄火車站,高火,uni9AD8 uni96C4 uni706B uni8ECA uni7AD9,uni9AD8 uni706B
高雄捷運,高捷,uni9AD8 uni96C4 uni6377 uni904B,uni9AD8 uni6377
桃園機場捷運,機捷,uni6843 uni5712 uni6A5F uni5834 uni6377 uni904B,uni6A5F uni6377
貓空纜車,貓纜,uni8C93 uni7A7A uni7E9C uni8ECA,uni8C93 uni7E9C
西部濱海快速公路,西濱,uni897F uni90E8 uni6FF1 uni6D77 uni5FEB uni901F uni516C uni8DEF,uni897F uni6FF1
松山火車站,松火,uni677E uni5C71 uni706B uni8ECA uni7AD9,uni677E uni706B
板橋車站,板車,uni677F uni6A4B uni8ECA uni7AD9,uni677F uni8ECA
汐止火車站,汐火,uni6C50 uni6B62 uni706B uni8ECA uni7AD9,uni6C50 uni706B
新竹火車站,竹火,uni65B0 uni7AF9 uni706B uni8ECA uni7AD9,uni7AF9 uni706B
花蓮火車站,花火,uni82B1 uni84EE uni706B uni8ECA uni7AD9,uni82B1 uni706B
桃園火車站,桃火,uni6843 uni5712 uni706B uni8ECA uni7AD9,uni6843 uni706B
基隆車站,基車,uni57FA uni9686 uni8ECA uni7AD9,uni57FA uni8ECA
新竹客運,新客,uni65B0 uni7AF9 uni5BA2 uni904B,uni65B0 uni5BA2
台中客運,中客,uni53F0 uni4E2D uni5BA2 uni904B,uni4E2D uni5BA2
桃園客運,桃客,uni6843 uni5712 uni5BA2 uni904B,uni6843 uni5BA2
羅斯福路幹線,羅幹,uni7F85 uni65AF uni798F uni8DEF uni5E79 uni7DDA,uni7F85 uni5E79
台灣糖業公司,台糖,uni53F0 uni7063 uni7CD6 uni696D uni516C uni53F8,uni53F0 uni7CD6
台灣中油公司,中油,uni53F0 uni7063 uni4E2D uni6CB9 uni516C uni53F8,uni4E2D uni6CB9
台灣電力公司,台電,uni53F0 uni7063 uni96FB uni529B uni516C uni53F8,uni53F0 uni96FB
台灣自來水公司,台水,uni53F0 uni7063 uni81EA uni4F86 uni6C34 uni516C uni53F8,uni53F0 uni6C34
中國輸出入銀行,輸銀,uni4E2D uni570B uni8F38 uni51FA uni5165 uni9280 uni884C,uni8F38 uni9280
臺灣金融控股股份有限公司,臺灣金控,uni81FA uni7063 uni91D1 uni878D uni63A7 uni80A1 uni80A1 uni4EFD uni6709 uni9650 uni516C uni53F8,uni81FA uni7063 uni91D1 uni63A7
臺灣銀行,臺銀,uni81FA uni7063 uni9280 uni884C,uni81FA uni9280
臺灣土地銀行,土銀,uni81FA uni7063 uni571F uni5730 uni9280 uni884C,uni571F uni9280
臺灣菸酒股份有限公司,臺酒,uni81FA uni7063 uni83F8 uni9152 uni80A1 uni4EFD uni6709 uni9650 uni516C uni53F8,uni81FA uni9152
中華郵政股份有限公司,郵局,uni4E2D uni83EF uni90F5 uni653F uni80A1 uni4EFD uni6709 uni9650 uni516C uni53F8,uni90F5 uni5C40
國營臺灣鐵路股份有限公司,臺鐵,uni570B uni71DF uni81FA uni7063 uni9435 uni8DEF uni80A1 uni4EFD uni6709 uni9650 uni516C uni53F8,uni81FA uni9435
臺灣港務公司,港務公司,uni81FA uni7063 uni6E2F uni52D9 uni516C uni53F8,uni6E2F uni52D9 uni516C uni53F8
桃園國際機場公司,桃機公司,uni6843 uni5712 uni570B uni969B uni6A5F uni5834 uni516C uni53F8,uni6843 uni6A5F uni516C uni53F8
桃園國際機場,桃機,uni6843 uni5712 uni570B uni969B uni6A5F uni5834,uni6843 uni6A5F
中央存款保險公司,中央存保,uni4E2D uni592E uni5B58 uni6B3E uni4FDD uni96AA uni516C uni53F8,uni4E2D uni592E uni5B58 uni4FDD
全國農業金庫,農業金庫,uni5168 uni570B uni8FB2 uni696D uni91D1 uni5EAB,uni8FB2 uni696D uni91D1 uni5EAB
衛生福利部,衛福部,uni885B uni751F uni798F uni5229 uni90E8,uni885B uni798F uni90E8
數位發展部,數發部,uni6578 uni4F4D uni767C uni5C55 uni90E8,uni6578 uni767C uni90E8
國家科學及技術委員會,國科會,uni570B uni5BB6 uni79D1 uni5B78 uni53CA uni6280 uni8853 uni59D4 uni54E1 uni6703,uni570B uni79D1 uni6703
國家發展委員會,國發會,uni570B uni5BB6 uni767C uni5C55 uni59D4 uni54E1 uni6703,uni570B uni767C uni6703
大陸委員會,陸委會,uni5927 uni9678 uni59D4 uni54E1 uni6703,uni9678 uni59D4 uni6703
金融監督管理委員會,金管會,uni91D1 uni878D uni76E3 uni7763 uni7BA1 uni7406 uni59D4 uni54E1 uni6703,uni91D1 uni7BA1 uni6703
海洋委員會,海委會,uni6D77 uni6D0B uni59D4 uni54E1 uni6703,uni6D77 uni59D4 uni6703
僑務委員會,僑委會,uni50D1 uni52D9 uni59D4 uni54E1 uni6703,uni50D1 uni59D4 uni6703
國軍退除役官兵輔導委員會,退輔會,uni570B uni8ECD uni9000 uni9664 uni5F79 uni5B98 uni5175 uni8F14 uni5C0E uni59D4 uni54E1 uni6703,uni9000 uni8F14 uni6703
原住民族委員會,原民會,uni539F uni4F4F uni6C11 uni65CF uni59D4 uni54E1 uni6703,uni539F uni6C11 uni6703
客家委員會,客委會,uni5BA2 uni5BB6 uni59D4 uni54E1 uni6703,uni5BA2 uni59D4 uni6703
中央銀行,央行,uni4E2D uni592E uni9280 uni884C,uni592E uni884C
中央選舉委員會,中選會,uni4E2D uni592E uni9078 uni8209 uni59D4 uni54E1 uni6703,uni4E2D uni9078 uni6703
公平交易委員會,公平會,uni516C uni5E73 uni4EA4 uni6613 uni59D4 uni54E1 uni6703,uni516C uni5E73 uni6703
台灣設計研究院,設研院,uni53F0 uni7063 uni8A2D uni8A08 uni7814 uni7A76 uni9662,uni8A2D uni7814 uni9662
文化內容策進院,文策院,uni6587 uni5316 uni5167 uni5BB9 uni7B56 uni9032 uni9662,uni6587 uni7B56 uni9662
中央研究院,中研院,uni4E2D uni592E uni7814 uni7A76 uni9662,uni4E2D uni7814 uni9662
國家中山科學研究院,中科院,uni570B uni5BB6 uni4E2D uni5C71 uni79D1 uni5B78 uni7814 uni7A76 uni9662,uni4E2D uni79D1 uni9662
工業技術研究院,工研院,uni5DE5 uni696D uni6280 uni8853 uni7814 uni7A76 uni9662,uni5DE5 uni7814 uni9662
促進轉型正義委員會,促轉會,uni4FC3 uni9032 uni8F49 uni578B uni6B63 uni7FA9 uni59D4 uni54E1 uni6703,uni4FC3 uni8F49 uni6703
財團法人中文數位化技術推廣基金會,中推會,uni8CA1 uni5718 uni6CD5 uni4EBA uni4E2D uni6587 uni6578 uni4F4D uni5316 uni6280 uni8853 uni63A8 uni5EE3 uni57FA uni91D1 uni6703,uni4E2D uni63A8 uni6703
財團法人資訊工業策進會,資策會,uni8CA1 uni5718 uni6CD5 uni4EBA uni8CC7 uni8A0A uni5DE5 uni696D uni7B56 uni9032 uni6703,uni8CC7 uni7B56 uni6703
國家教育研究院,國教院,uni570B uni5BB6 uni6559 uni80B2 uni7814 uni7A76 uni9662,uni570B uni6559 uni9662
民用航空局,民航局,uni6C11 uni7528 uni822A uni7A7A uni5C40,uni6C11 uni822A uni5C40
高速公路局,高公局,uni9AD8 uni901F uni516C uni8DEF uni5C40,uni9AD8 uni516C uni5C40
疾病管制署,疾管署,uni75BE uni75C5 uni7BA1 uni5236 uni7F72,uni75BE uni7BA1 uni7F72
食品藥物管理署,食藥署,uni98DF uni54C1 uni85E5 uni7269 uni7BA1 uni7406 uni7F72,uni98DF uni85E5 uni7F72
國家運輸安全調查委員會,運安會,uni570B uni5BB6 uni904B uni8F38 uni5B89 uni5168 uni8ABF uni67E5 uni59D4 uni54E1 uni6703,uni904B uni5B89 uni6703
不當黨產處理委員會,黨產會,uni4E0D uni7576 uni9EE8 uni7522 uni8655 uni7406 uni59D4 uni54E1 uni6703,uni9EE8 uni7522 uni6703
核能安全委員會,核安會,uni6838 uni80FD uni5B89 uni5168 uni59D4 uni54E1 uni6703,uni6838 uni5B89 uni6703
消費者保護會,消保會,uni6D88 uni8CBB uni8005 uni4FDD uni8B77 uni6703,uni6D88 uni4FDD uni6703
國民健康署,國健署,uni570B uni6C11 uni5065 uni5EB7 uni7F72,uni570B uni5065 uni7F72
行政院,政院,uni884C uni653F uni9662,uni653F uni9662
立法院,立院,uni7ACB uni6CD5 uni9662,uni7ACB uni9662
監察院,監院,uni76E3 uni5BDF uni9662,uni76E3 uni9662
地方檢察署,地檢署,uni5730 uni65B9 uni6AA2 uni5BDF uni7F72,uni5730 uni6AA2 uni7F72
地方法院,地院,uni5730 uni65B9 uni6CD5 uni9662,uni5730 uni9662
高等法院,高院,uni9AD8 uni7B49 uni6CD5 uni9662,uni9AD8 uni9662
最高法院,最高院,uni6700 uni9AD8 uni6CD5 uni9662,uni6700 uni9AD8 uni9662
台北流行音樂中心,北流,uni53F0 uni5317 uni6D41 uni884C uni97F3 uni6A02 uni4E2D uni5FC3,uni5317 uni6D41
臺北表演藝術中心,北藝中心,uni81FA uni5317 uni8868 uni6F14 uni85DD uni8853 uni4E2D uni5FC3,uni5317 uni85DD uni4E2D uni5FC3
高雄流行音樂中心,高流,uni9AD8 uni96C4 uni6D41 uni884C uni97F3 uni6A02 uni4E2D uni5FC3,uni9AD8 uni6D41
松山文創園區,松菸,uni677E uni5C71 uni6587 uni5275 uni5712 uni5340,uni677E uni83F8
國立海洋科技博物館,海科館,uni570B uni7ACB uni6D77 uni6D0B uni79D1 uni6280 uni535A uni7269 uni9928,uni6D77 uni79D1 uni9928
國立臺灣博物館,臺博館,uni570B uni7ACB uni81FA uni7063 uni535A uni7269 uni9928,uni81FA uni535A uni9928
國立臺灣科學教育館,科教館,uni570B uni7ACB uni81FA uni7063 uni79D1 uni5B78 uni6559 uni80B2 uni9928,uni79D1 uni6559 uni9928
臺北市立天文科學教育館,天文館,uni81FA uni5317 uni5E02 uni7ACB uni5929 uni6587 uni79D1 uni5B78 uni6559 uni80B2 uni9928,uni5929 uni6587 uni9928
臺北市立美術館,北美館,uni81FA uni5317 uni5E02 uni7ACB uni7F8E uni8853 uni9928,uni5317 uni7F8E uni9928
國立故宮博物院,故宮,uni570B uni7ACB uni6545 uni5BAE uni535A uni7269 uni9662,uni6545 uni5BAE
國立國父紀念館,國館,uni570B uni7ACB uni570B uni7236 uni7D00 uni5FF5 uni9928,uni570B uni9928
國家人權博物館,人權館,uni570B uni5BB6 uni4EBA uni6B0A uni535A uni7269 uni9928,uni4EBA uni6B0A uni9928
國家圖書館,國圖,uni570B uni5BB6 uni5716 uni66F8 uni9928,uni570B uni5716
國立臺灣美術館,國美館,uni570B uni7ACB uni81FA uni7063 uni7F8E uni8853 uni9928,uni570B uni7F8E uni9928
國立自然科學博物館,科博館,uni570B uni7ACB uni81EA uni7136 uni79D1 uni5B78 uni535A uni7269 uni9928,uni79D1 uni535A uni9928
國立公共資訊圖書館,國資圖,uni570B uni7ACB uni516C uni5171 uni8CC7 uni8A0A uni5716 uni66F8 uni9928,uni570B uni8CC7 uni5716
嘉義市立美術館,嘉美館,uni5609 uni7FA9 uni5E02 uni7ACB uni7F8E uni8853 uni9928,uni5609 uni7F8E uni9928
臺南市美術館,南美館,uni81FA uni5357 uni5E02 uni7F8E uni8853 uni9928,uni5357 uni7F8E uni9928
國立臺灣歷史博物館,臺史博,uni570B uni7ACB uni81FA uni7063 uni6B77 uni53F2 uni535A uni7269 uni9928,uni81FA uni53F2 uni535A
國立歷史博物館,史博館,uni570B uni7ACB uni6B77 uni53F2 uni535A uni7269 uni9928,uni53F2 uni535A uni9928
國立科學工藝博物館,科工館,uni570B uni7ACB uni79D1 uni5B78 uni5DE5 uni85DD uni535A uni7269 uni9928,uni79D1 uni5DE5 uni9928
駁二藝術特區,駁二,uni99C1 uni4E8C uni85DD uni8853 uni7279 uni5340,uni99C1 uni4E8C
高雄市立美術館,高美館,uni9AD8 uni96C4 uni5E02 uni7ACB uni7F8E uni8853 uni9928,uni9AD8 uni7F8E uni9928
國立海洋生物博物館,海生館,uni570B uni7ACB uni6D77 uni6D0B uni751F uni7269 uni535A uni7269 uni9928,uni6D77 uni751F uni9928
臺東美術館,東美館,uni81FA uni6771 uni7F8E uni8853 uni9928,uni6771 uni7F8E uni9928
國立臺灣史前文化博物館,史前館,uni570B uni7ACB uni81FA uni7063 uni53F2 uni524D uni6587 uni5316 uni535A uni7269 uni9928,uni53F2 uni524D uni9928
國立傳統藝術中心,傳藝中心,uni570B uni7ACB uni50B3 uni7D71 uni85DD uni8853 uni4E2D uni5FC3,uni50B3 uni85DD uni4E2D uni5FC3
宜蘭縣立蘭陽博物館,蘭博館,uni5B9C uni862D uni7E23 uni7ACB uni862D uni967D uni535A uni7269 uni9928,uni862D uni535A uni9928
國家電影及視聽文化中心,國家影視聽中心,uni570B uni5BB6 uni96FB uni5F71 uni53CA uni8996 uni807D uni6587 uni5316 uni4E2D uni5FC3,uni570B uni5BB6 uni5F71 uni8996 uni807D uni4E2D uni5FC3
國家運動訓練中心,國訓中心,uni570B uni5BB6 uni904B uni52D5 uni8A13 uni7DF4 uni4E2D uni5FC3,uni570B uni8A13 uni4E2D uni5FC3
國家住宅及都市更新中心,國家住都中心,uni570B uni5BB6 uni4F4F uni5B85 uni53CA uni90FD uni5E02 uni66F4 uni65B0 uni4E2D uni5FC3,uni570B uni5BB6 uni4F4F uni90FD uni4E2D uni5FC3
國家災害防救科技中心,災防中心,uni570B uni5BB6 uni707D uni5BB3 uni9632 uni6551 uni79D1 uni6280 uni4E2D uni5FC3,uni707D uni9632 uni4E2D uni5FC3
國家資通安全研究院,資安院,uni570B uni5BB6 uni8CC7 uni901A uni5B89 uni5168 uni7814 uni7A76 uni9662,uni8CC7 uni5B89 uni9662
國家兩廳院,兩廳院,uni570B uni5BB6 uni5169 uni5EF3 uni9662,uni5169 uni5EF3 uni9662
中華民國外交部,魔法部,uni4E2D uni83EF uni6C11 uni570B uni5916 uni4EA4 uni90E8,uni9B54 uni6CD5 uni90E8
國立故宮博物館南部院區,故宮南院,uni570B uni7ACB uni6545 uni5BAE uni535A uni7269 uni9928 uni5357 uni90E8 uni9662 uni5340,uni6545 uni5BAE uni5357 uni9662
國家安全局,國安局,uni570B uni5BB6 uni5B89 uni5168 uni5C40,uni570B uni5B89 uni5C40
國家安全會議,國安會,uni570B uni5BB6 uni5B89 uni5168 uni6703 uni8B70,uni570B uni5B89 uni6703
美國聯邦調查局,FBI,uni7F8E uni570B uni806F uni90A6 uni8ABF uni67E5 uni5C40,F B I
美國中央情報局,CIA,uni7F8E uni570B uni4E2D uni592E uni60C5 uni5831 uni5C40,C I A
美國聯邦準備系統,聯準會,uni7F8E uni570B uni806F uni90A6 uni6E96 uni5099 uni7CFB uni7D71,uni806F uni6E96 uni6703
麻省理工學院,MIT,uni9EBB uni7701 uni7406 uni5DE5 uni5B78 uni9662,M I T
台灣製造,台製,uni53F0 uni7063 uni88FD uni9020,uni53F0 uni88FD
中國共產黨,中共,uni4E2D uni570B uni5171 uni7522 uni9EE8,uni4E2D uni5171
越南共產黨,越共,uni8D8A uni5357 uni5171 uni7522 uni9EE8,uni8D8A uni5171
蘇聯共產黨,蘇共,uni8607 uni806F uni5171 uni7522 uni9EE8,uni8607 uni5171
臺北世界貿易中心,世貿,uni81FA uni5317 uni4E16 uni754C uni8CBF uni6613 uni4E2D uni5FC3,uni4E16 uni8CBF
總統府秘書長,府秘,uni7E3D uni7D71 uni5E9C uni79D8 uni66F8 uni9577,uni5E9C uni79D8
國際特赦組織,AI,uni570B uni969B uni7279 uni8D66 uni7D44 uni7E54,A I
產品經理,PM,uni7522 uni54C1 uni7D93 uni7406,P M
系統分析師,SA,uni7CFB uni7D71 uni5206 uni6790 uni5E2B,S A
系統設計師,SD,uni7CFB uni7D71 uni8A2D uni8A08 uni5E2B,S D
程式設計師,PG,uni7A0B uni5F0F uni8A2D uni8A08 uni5E2B,P G
網管人員,MIS,uni7DB2 uni7BA1 uni4EBA uni54E1,M I S
前端工程師,F2E,uni524D uni7AEF uni5DE5 uni7A0B uni5E2B,F two E
使用者經驗,UX,uni4F7F uni7528 uni8005 uni7D93 uni9A57,U X
使用者介面,UI,uni4F7F uni7528 uni8005 uni4ECB uni9762,U I
視覺設計師,VD,uni8996 uni89BA uni8A2D uni8A08 uni5E2B,V D
Product Manager,PM,P r o d u c t space M a n a g e r,P M
System Analyst,SA,S y s t e m space A n a l y s t,S A
System Designer,SD,S y s t e m space D e s i g n e r,S D
Programmer,PG,P r o g r a m m e r,P G
Management Information System,MIS,M a n a g e m e n t space I n f o r m a t i o n space S y s t e m,M I S
Quality Assurance,QA,Q u a l i t y space A s s u r a n c e,Q A
Front-End Developer,F2E,F r o n t hyphen E n d space D e v e l o p e r,F two E
Visual Designer,VD,V i s u a l space D e s i g n e r,V D
品質保證,QA,uni54C1 uni8CEA uni4FDD uni8B49,Q A
品質控制,QC,uni54C1 uni8CEA uni63A7 uni5236,Q C
Quality Control,QC,Q u a l i t y space C o n t r o l,Q C
總經理,MD,uni7E3D uni7D93 uni7406,M D
創意總監,CD,uni5275 uni610F uni7E3D uni76E3,C D
副創意總監,ACD,uni526F uni5275 uni610F uni7E3D uni76E3,A C D
美術指導,AD,uni7F8E uni8853 uni6307 uni5C0E,A D
媒體總監,MD,uni5A92 uni9AD4 uni7E3D uni76E3,M D
廣告規劃,AE,uni5EE3 uni544A uni898F uni5283,A E
廣告影片,CF,uni5EE3 uni544A uni5F71 uni7247,C F
影片中的旁白,OS,uni5F71 uni7247 uni4E2D uni7684 uni65C1 uni767D,O S
店頭廣告,POP,uni5E97 uni982D uni5EE3 uni544A,P O P
直接行銷,DM,uni76F4 uni63A5 uni884C uni92B7,D M
企業識別設計,CIS,uni4F01 uni696D uni8B58 uni5225 uni8A2D uni8A08,C I S
圖形使用者介面,GUI,uni5716 uni5F62 uni4F7F uni7528 uni8005 uni4ECB uni9762,G U I
通用設計,UD,uni901A uni7528 uni8A2D uni8A08,U D
Managing Director,MD,M a n a g i n g space D i r e c t o r,M D
Creative Director,CD,C r e a t i v e space D i r e c t o r,C D
Associated Creative Director,ACD,A s s o c i a t e d space C r e a t i v e space D i r e c t o r,A C D
Art Director,AD,A r t space D i r e c t o r,A D
Media Director,MD,M e d i a space D i r e c t o r,M D
Account Executive,AE,A c c o u n t space E x e c u t i v e,A E
Commercial Film,CF,C o m m e r c i a l space F i l m,C F
omt sound,OS,o m t space s o u n d,O S
Point of Purchase Advertising,POP,P o i n t space o f space P u r c h a s e space A d v e r t i s i n g,P O P
Direct Marketing,DM,D i r e c t space M a r k e t i n g,D M
Corporate Identity System,CIS,C o r p o r a t e space I d e n t i t y space S y s t e m,C I S
Brand Identity System,BIS,B r a n d space I d e n t i t y space S y s t e m,B I S
Graphic User Interface,GUI,G r a p h i c space U s e r space I n t e r f a c e,G U I
Universal Design,UD,U n i v e r s a l space D e s i g n,U D
Business Continuity Plan,BCP,B u s i n e s s space C o n t i n u i t y space P l a n,B C P
營運持續計畫,BCP,uni71DF uni904B uni6301 uni7E8C uni8A08 uni756B,B C P
curriculum vitae,C.V.,c u r r i c u l u m space v i t a e,C period V period
人力資源,人資,uni4EBA uni529B uni8CC7 uni6E90,uni4EBA uni8CC7
公共關係,公關,uni516C uni5171 uni95DC uni4FC2,uni516C uni95DC
採購部,PD,uni63A1 uni8CFC uni90E8,P D
商務發展部,BD,uni5546 uni52D9 uni767C uni5C55 uni90E8,B D
客服部,CS,uni5BA2 uni670D uni90E8,C S
專案經理,PM,uni5C08 uni6848 uni7D93 uni7406,P M
工讀生,PT,uni5DE5 uni8B80 uni751F,P T
執行長,CEO,uni57F7 uni884C uni9577,C E O
財務長,CFO,uni8CA1 uni52D9 uni9577,C F O
行銷長,CMO,uni884C uni92B7 uni9577,C M O
Human Resources,HR,H u m a n space R e s o u r c e s,H R
Public Relations,PR,P u b l i c space R e l a t i o n s,P R
Purchasing Department,PD,P u r c h a s i n g space D e p a r t m e n t,P D
Business Development,BD,B u s i n e s s space D e v e l o p m e n t,B D
Research & Development,RD,R e s e a r c h space ampersand space D e v e l o p m e n t,R D
Customer Service,CS,C u s t o m e r space S e r v i c e,C S
Project Manager,PM,P r o j e c t space M a n a g e r,P M
Part Time,PT,P a r t space T i m e,P T
Chief Executive Officer,CEO,C h i e f space E x e c u t i v e space O f f i c e r,C E O
Chief Financial Officer,CFO,C h i e f space F i n a n c i a l space O f f i c e r,C F O
Chief Marketing Officer,CMO,C h i e f space M a r k e t i n g space O f f i c e r,C M O
Database Administrator,DBA,D a t a b a s e space A d m i n i s t r a t o r,D B A
管理資訊系統,MIS,uni7BA1 uni7406 uni8CC7 uni8A0A uni7CFB uni7D71,M I S
資料庫設計與管理人員,DBA,uni8CC7 uni6599 uni5EAB uni8A2D uni8A08 uni8207 uni7BA1 uni7406 uni4EBA uni54E1,D B A
Key Performance Indicator,KPI,K e y space P e r f o r m a n c e space I n d i c a t o r,K P I
Return on Investment,ROI,R e t u r n space o n space I n v e s t m e n t,R O I
Return on Ad Spend,ROAS,R e t u r n space o n space A d space S p e n d,R O A S
Click-Through Rate,CTR,C l i c k hyphen T h r o u g h space R a t e,C T R
Customer Acquisition Cost,CAC,C u s t o m e r space A c q u i s i t i o n space C o s t,C A C
Search Engine Optimization,SEO,S e a r c h space E n g i n e space O p t i m i z a t i o n,S E O
Search Engine Marketing,SEM,S e a r c h space E n g i n e space M a r k e t i n g,S E M
Customer Relationship Management,CRM,C u s t o m e r space R e l a t i o n s h i p space M a n a g e m e n t,C R M
Call to Action,CTA,C a l l space t o space A c t i o n,C T A
Business to Business,B2B,B u s i n e s s space t o space B u s i n e s s,B two B
Business to Consumer,B2C,B u s i n e s s space t o space C o n s u m e r,B two C
Target Audience,TA,T a r g e t space A u d i e n c e,T A
"strengths, weaknesses, opportunities, threats",SWOT,s t r e n g t h s comma space w e a k n e s s e s comma space o p p o r t u n i t i e s comma space t h r e a t s,S W O T
Unique Selling Proposition,USP,U n i q u e space S e l l i n g space P r o p o s i t i o n,U S P
"product, price, place, promotion",4P,p r o d u c t comma space p r i c e comma space p l a c e comma space p r o m o t i o n,four P
"customer, cost, convenience, communication",4C,c u s t o m e r comma space c o s t comma space c o n v e n i e n c e comma space c o m m u n i c a t i o n,four C
Cost Per Mille,CPM,C o s t space P e r space M i l l e,C P M
Cost Per Click,CPC,C o s t space P e r space C l i c k,C P C
Pay Per Click,PPC,P a y space P e r space C l i c k,P P C
Customer Lifetime Value,CLV,C u s t o m e r space L i f e t i m e space V a l u e,C L V
"attention, interest, desire, action",AIDA,a t t e n t i o n comma space i n t e r e s t comma space d e s i r e comma space a c t i o n,A I D A
Social Media Marketing,SMM,S o c i a l space M e d i a space M a r k e t i n g,S M M
關鍵績效指標,KPI,uni95DC uni9375 uni7E3E uni6548 uni6307 uni6A19,K P I
投資報酬率,ROI,uni6295 uni8CC7 uni5831 uni916C uni7387,R O I
廣告投資報酬率,ROAS,uni5EE3 uni544A uni6295 uni8CC7 uni5831 uni916C uni7387,R O A S
點擊率,CTR,uni9EDE uni64CA uni7387,C T R
客戶獲取成本,CAC,uni5BA2 uni6236 uni7372 uni53D6 uni6210 uni672C,C A C
搜尋引擎優化,SEO,uni641C uni5C0B uni5F15 uni64CE uni512A uni5316,S E O
搜尋引擎行銷,SEM,uni641C uni5C0B uni5F15 uni64CE uni884C uni92B7,S E M
客戶關係管理,CRM,uni5BA2 uni6236 uni95DC uni4FC2 uni7BA1 uni7406,C R M
行動呼籲,CTA,uni884C uni52D5 uni547C uni7C72,C T A
企業對企業,B2B,uni4F01 uni696D uni5C0D uni4F01 uni696D,B two B
企業對消費者,B2C,uni4F01 uni696D uni5C0D uni6D88 uni8CBB uni8005,B two C
目標受眾,TA,uni76EE uni6A19 uni53D7 uni773E,T A
優勢、劣勢、機會、威脅分析,SWOT,uni512A uni52E2 comma-han uni52A3 uni52E2 comma-han uni6A5F uni6703 comma-han uni5A01 uni8105 uni5206 uni6790,S W O T
獨特銷售主張,USP,uni7368 uni7279 uni92B7 uni552E uni4E3B uni5F35,U S P
產品、價格、通路、促銷,4P,uni7522 uni54C1 comma-han uni50F9 uni683C comma-han uni901A uni8DEF comma-han uni4FC3 uni92B7,four P
顧客、成本、便利、溝通,4C,uni9867 uni5BA2 comma-han uni6210 uni672C comma-han uni4FBF uni5229 comma-han uni6E9D uni901A,four C
每千次曝光成本,CPM,uni6BCF uni5343 uni6B21 uni66DD uni5149 uni6210 uni672C,C P M
每次點擊成本,CPC,uni6BCF uni6B21 uni9EDE uni64CA uni6210 uni672C,C P C
按點擊付費,PPC,uni6309 uni9EDE uni64CA uni4ED8 uni8CBB,P P C
客戶終身價值,CLV,uni5BA2 uni6236 uni7D42 uni8EAB uni50F9 uni503C,C L V
注意、興趣、慾望、行動,AIDA,uni6CE8 uni610F comma-han uni8208 uni8DA3 comma-han uni617E uni671B comma-han uni884C uni52D5,A I D A
社群媒體行銷,SMM,uni793E uni7FA4 uni5A92 uni9AD4 uni884C uni92B7,S M M
商務發展,BD,uni5546 uni52D9 uni767C uni5C55,B D
客戶服務,CS,uni5BA2 uni6236 uni670D uni52D9,C S
研究與開發,RD,uni7814 uni7A76 uni8207 uni958B uni767C,R D
兼職,PT,uni517C uni8077,P T
傳統小吃,傳小,uni50B3 uni7D71 uni5C0F uni5403,uni50B3 uni5C0F
大杯奶茶微糖微冰,大奶微微,uni5927 uni676F uni5976 uni8336 uni5FAE uni7CD6 uni5FAE uni51B0,uni5927 uni5976 uni5FAE uni5FAE
永和豆漿,永豆,uni6C38 uni548C uni8C46 uni6F3F,uni6C38 uni8C46
珍奶加雞排,奶雞,uni73CD uni5976 uni52A0 uni96DE uni6392,uni5976 uni96DE
德式香腸,德腸,uni5FB7 uni5F0F uni9999 uni8178,uni5FB7 uni8178
飯店早餐,飯早,uni98EF uni5E97 uni65E9 uni9910,uni98EF uni65E9
傳統早餐,傳早,uni50B3 uni7D71 uni65E9 uni9910,uni50B3 uni65E9
韓式炸雞,韓炸,uni97D3 uni5F0F uni70B8 uni96DE,uni97D3 uni70B8
行動電源,行充,uni884C uni52D5 uni96FB uni6E90,uni884C uni5145
泰式奶茶,泰奶,uni6CF0 uni5F0F uni5976 uni8336,uni6CF0 uni5976
珍珠奶茶,珍奶,uni73CD uni73E0 uni5976 uni8336,uni73CD uni5976
傳統市場,傳市,uni50B3 uni7D71 uni5E02 uni5834,uni50B3 uni5E02
草莓奶油吐司,草奶吐,uni8349 uni8393 uni5976 uni6CB9 uni5410 uni53F8,uni8349 uni5976 uni5410
越南法國麵包,越法,uni8D8A uni5357 uni6CD5 uni570B uni9EB5 uni5305,uni8D8A uni6CD5
迴轉壽司,迴壽,uni8FF4 uni8F49 uni58FD uni53F8,uni8FF4 uni58FD
古早味紅茶,古紅,uni53E4 uni65E9 uni5473 uni7D05 uni8336,uni53E4 uni7D05
日本料理,日料,uni65E5 uni672C uni6599 uni7406,uni65E5 uni6599
隱形眼鏡,隱眼,uni96B1 uni5F62 uni773C uni93E1,uni96B1 uni773C
電動牙刷,電牙,uni96FB uni52D5 uni7259 uni5237,uni96FB uni7259
台灣拉麵,台拉,uni53F0 uni7063 uni62C9 uni9EB5,uni53F0 uni62C9
皮蛋瘦肉粥,皮瘦,uni76AE uni86CB uni7626 uni8089 uni7CA5,uni76AE uni7626
划算,划,uni5212 uni7B97,uni5212
永遠支持,永支,uni6C38 uni9060 uni652F uni6301,uni6C38 uni652F
空氣品質,空品,uni7A7A uni6C23 uni54C1 uni8CEA,uni7A7A uni54C1
氣候變遷,氣遷,uni6C23 uni5019 uni8B8A uni9077,uni6C23 uni9077
深坑臭豆腐,深臭,uni6DF1 uni5751 uni81ED uni8C46 uni8150,uni6DF1 uni81ED
波士頓龍蝦,波龍,uni6CE2 uni58EB uni9813 uni9F8D uni8766,uni6CE2 uni9F8D
哭哭饅頭,哭饅,uni54ED uni54ED uni9945 uni982D,uni54ED uni9945
人生已經如此艱難，有些事情就不要拆穿。,人艱不拆,uni4EBA uni751F uni5DF2 uni7D93 uni5982 uni6B64 uni8271 uni96E3 comma.full uni6709 uni4E9B uni4E8B uni60C5 uni5C31 uni4E0D uni8981 uni62C6 uni7A7F period-han,uni4EBA uni8271 uni4E0D uni62C6
乞丐超人,乞超,uni4E5E uni4E10 uni8D85 uni4EBA,uni4E5E uni8D85
大安森林公園,安森,uni5927 uni5B89 uni68EE uni6797 uni516C uni5712,uni5B89 uni68EE
大學入學分科測驗,分科,uni5927 uni5B78 uni5165 uni5B78 uni5206 uni79D1 uni6E2C uni9A57,uni5206 uni79D1
大學學科能力測驗,學測,uni5927 uni5B78 uni5B78 uni79D1 uni80FD uni529B uni6E2C uni9A57,uni5B78 uni6E2C
大韓民國,韓國,uni5927 uni97D3 uni6C11 uni570B,uni97D3 uni570B
小而確實的幸福,小確幸,uni5C0F uni800C uni78BA uni5BE6 uni7684 uni5E78 uni798F,uni5C0F uni78BA uni5E78
這樣,醬,uni9019 uni6A23,uni91AC
不一樣,ㄅㄧㄤˋ,uni4E0D uni4E00 uni6A23,b-bopomofo i-bopomofo ang-bopomofo fourthtonechinese
大家好,搭好,uni5927 uni5BB6 uni597D,uni642D uni597D
不明白原理，但覺得很厲害,不明覺厲,uni4E0D uni660E uni767D uni539F uni7406 comma.full uni4F46 uni89BA uni5F97 uni5F88 uni53B2 uni5BB3,uni4E0D uni660E uni89BA uni53B2
不解釋,bj4,uni4E0D uni89E3 uni91CB,b j four
中國時報,中時,uni4E2D uni570B uni6642 uni5831,uni4E2D uni6642
中途離開,中離,uni4E2D uni9014 uni96E2 uni958B,uni4E2D uni96E2
內湖科學園區,內科,uni5167 uni6E56 uni79D1 uni5B78 uni5712 uni5340,uni5167 uni79D1
公民投票,公投,uni516C uni6C11 uni6295 uni7968,uni516C uni6295
公共汽車,公車,uni516C uni5171 uni6C7D uni8ECA,uni516C uni8ECA
公共電視,公視,uni516C uni5171 uni96FB uni8996,uni516C uni8996
心理測驗,心測,uni5FC3 uni7406 uni6E2C uni9A57,uni5FC3 uni6E2C
手機遊戲,手遊,uni624B uni6A5F uni904A uni6232,uni624B uni904A
日式料理,日料,uni65E5 uni5F0F uni6599 uni7406,uni65E5 uni6599
月子中心,月中,uni6708 uni5B50 uni4E2D uni5FC3,uni6708 uni4E2D
台中市立台中第二高級中等學校,中二中,uni53F0 uni4E2D uni5E02 uni7ACB uni53F0 uni4E2D uni7B2C uni4E8C uni9AD8 uni7D1A uni4E2D uni7B49 uni5B78 uni6821,uni4E2D uni4E8C uni4E2D
台中市立臺中第一高級中學,中一中,uni53F0 uni4E2D uni5E02 uni7ACB uni81FA uni4E2D uni7B2C uni4E00 uni9AD8 uni7D1A uni4E2D uni5B78,uni4E2D uni4E00 uni4E2D
台中市政府,中市府,uni53F0 uni4E2D uni5E02 uni653F uni5E9C,uni4E2D uni5E02 uni5E9C
台北市立建國高級中學,建中,uni53F0 uni5317 uni5E02 uni7ACB uni5EFA uni570B uni9AD8 uni7D1A uni4E2D uni5B78,uni5EFA uni4E2D
台北市立第一女子高級中學,北一女,uni53F0 uni5317 uni5E02 uni7ACB uni7B2C uni4E00 uni5973 uni5B50 uni9AD8 uni7D1A uni4E2D uni5B78,uni5317 uni4E00 uni5973
台北市政府,北市府,uni53F0 uni5317 uni5E02 uni653F uni5E9C,uni5317 uni5E02 uni5E9C
台灣手燈,台燈,uni53F0 uni7063 uni624B uni71C8,uni53F0 uni71C8
市政府,市府,uni5E02 uni653F uni5E9C,uni5E02 uni5E9C
民意代表,民代,uni6C11 uni610F uni4EE3 uni8868,uni6C11 uni4EE3
生日快樂,生快,uni751F uni65E5 uni5FEB uni6A02,uni751F uni5FEB
立法委員,立委,uni7ACB uni6CD5 uni59D4 uni54E1,uni7ACB uni59D4
交友軟體,交軟,uni4EA4 uni53CB uni8EDF uni9AD4,uni4EA4 uni8EDF
交通警察,交警,uni4EA4 uni901A uni8B66 uni5BDF,uni4EA4 uni8B66
全民健康保險,全民健保,uni5168 uni6C11 uni5065 uni5EB7 uni4FDD uni96AA,uni5168 uni6C11 uni5065 uni4FDD
刑事警察,刑警,uni5211 uni4E8B uni8B66 uni5BDF,uni5211 uni8B66
各付各的,各各,uni5404 uni4ED8 uni5404 uni7684,uni5404 uni5404
年終獎金,年終,uni5E74 uni7D42 uni734E uni91D1,uni5E74 uni7D42
成果發表,成發,uni6210 uni679C uni767C uni8868,uni6210 uni767C
自由時報,自由,uni81EA uni7531 uni6642 uni5831,uni81EA uni7531
低頭閉眼,低閉,uni4F4E uni982D uni9589 uni773C,uni4F4E uni9589
快速充電,快充,uni5FEB uni901F uni5145 uni96FB,uni5FEB uni5145
見笑轉生氣,見轉,uni898B uni7B11 uni8F49 uni751F uni6C23,uni898B uni8F49
言情小說,言小,uni8A00 uni60C5 uni5C0F uni8AAA,uni8A00 uni5C0F
呼吸困難,呼困,uni547C uni5438 uni56F0 uni96E3,uni547C uni56F0
咖啡廳,咖廳,uni5496 uni5561 uni5EF3,uni5496 uni5EF3
性別平等,性平,uni6027 uni5225 uni5E73 uni7B49,uni6027 uni5E73
明天見,棉見,uni660E uni5929 uni898B,uni68C9 uni898B
服務學習,服學,uni670D uni52D9 uni5B78 uni7FD2,uni670D uni5B78
社交恐懼,社恐,uni793E uni4EA4 uni6050 uni61FC,uni793E uni6050
便利商店,便商,uni4FBF uni5229 uni5546 uni5E97,uni4FBF uni5546
便宜,便,uni4FBF uni5B9C,uni4FBF
南部科學園區,南科,uni5357 uni90E8 uni79D1 uni5B78 uni5712 uni5340,uni5357 uni79D1
政治正確,政確,uni653F uni6CBB uni6B63 uni78BA,uni653F uni78BA
突破盲點,突盲,uni7A81 uni7834 uni76F2 uni9EDE,uni7A81 uni76F2
美食沙漠,美沙,uni7F8E uni98DF uni6C99 uni6F20,uni7F8E uni6C99
背道而馳,背馳,uni80CC uni9053 uni800C uni99B3,uni80CC uni99B3
英語聽力測驗,英聽,uni82F1 uni8A9E uni807D uni529B uni6E2C uni9A57,uni82F1 uni807D
限時動態,限動,uni9650 uni6642 uni52D5 uni614B,uni9650 uni52D5
員工旅遊,員旅,uni54E1 uni5DE5 uni65C5 uni904A,uni54E1 uni65C5
恐怖情人,恐情,uni6050 uni6016 uni60C5 uni4EBA,uni6050 uni60C5
桃園市政府,桃市府,uni6843 uni5712 uni5E02 uni653F uni5E9C,uni6843 uni5E02 uni5E9C
桌上型電腦,桌機,uni684C uni4E0A uni578B uni96FB uni8166,uni684C uni6A5F
真的假的,真假,uni771F uni7684 uni5047 uni7684,uni771F uni5047
粉絲專頁,粉專,uni7C89 uni7D72 uni5C08 uni9801,uni7C89 uni5C08
酒後駕駛,酒駕,uni9152 uni5F8C uni99D5 uni99DB,uni9152 uni99D5
酒精濃度測試,酒測,uni9152 uni7CBE uni6FC3 uni5EA6 uni6E2C uni8A66,uni9152 uni6E2C
高級玩家,高玩,uni9AD8 uni7D1A uni73A9 uni5BB6,uni9AD8 uni73A9
高雄市立高雄女子高級中學,雄女,uni9AD8 uni96C4 uni5E02 uni7ACB uni9AD8 uni96C4 uni5973 uni5B50 uni9AD8 uni7D1A uni4E2D uni5B78,uni96C4 uni5973
高雄市立高雄高級中學,雄中,uni9AD8 uni96C4 uni5E02 uni7ACB uni9AD8 uni96C4 uni9AD8 uni7D1A uni4E2D uni5B78,uni96C4 uni4E2D
高雄市政府,高市府,uni9AD8 uni96C4 uni5E02 uni653F uni5E9C,uni9AD8 uni5E02 uni5E9C
健康檢查,健檢,uni5065 uni5EB7 uni6AA2 uni67E5,uni5065 uni6AA2
偶像包袱,偶包,uni5076 uni50CF uni5305 uni88B1,uni5076 uni5305
動物森友會,動森,uni52D5 uni7269 uni68EE uni53CB uni6703,uni52D5 uni68EE
國中教育會考,會考,uni570B uni4E2D uni6559 uni80B2 uni6703 uni8003,uni6703 uni8003
國父紀念館,國館,uni570B uni7236 uni7D00 uni5FF5 uni9928,uni570B uni9928
國立台東高級中學,東中,uni570B uni7ACB uni53F0 uni6771 uni9AD8 uni7D1A uni4E2D uni5B78,uni6771 uni4E2D
國立台灣大學,台大,uni570B uni7ACB uni53F0 uni7063 uni5927 uni5B78,uni53F0 uni5927
國立台灣師範大學,師大,uni570B uni7ACB uni53F0 uni7063 uni5E2B uni7BC4 uni5927 uni5B78,uni5E2B uni5927
國立台灣藝術大學,台藝大,uni570B uni7ACB uni53F0 uni7063 uni85DD uni8853 uni5927 uni5B78,uni53F0 uni85DD uni5927
國立成功大學,成大,uni570B uni7ACB uni6210 uni529F uni5927 uni5B78,uni6210 uni5927
國立宜蘭高級中學,宜中,uni570B uni7ACB uni5B9C uni862D uni9AD8 uni7D1A uni4E2D uni5B78,uni5B9C uni4E2D
國立花蓮女子高級中學,花女,uni570B uni7ACB uni82B1 uni84EE uni5973 uni5B50 uni9AD8 uni7D1A uni4E2D uni5B78,uni82B1 uni5973
國立花蓮高級中學,花中,uni570B uni7ACB uni82B1 uni84EE uni9AD8 uni7D1A uni4E2D uni5B78,uni82B1 uni4E2D
國立屏東女子高級中學,屏女,uni570B uni7ACB uni5C4F uni6771 uni5973 uni5B50 uni9AD8 uni7D1A uni4E2D uni5B78,uni5C4F uni5973
國立屏東高級中學,屏中,uni570B uni7ACB uni5C4F uni6771 uni9AD8 uni7D1A uni4E2D uni5B78,uni5C4F uni4E2D
國立政治大學,政大,uni570B uni7ACB uni653F uni6CBB uni5927 uni5B78,uni653F uni5927
國立苗栗高級中學,苗中,uni570B uni7ACB uni82D7 uni6817 uni9AD8 uni7D1A uni4E2D uni5B78,uni82D7 uni4E2D
國立高雄師範大學,高師大,uni570B uni7ACB uni9AD8 uni96C4 uni5E2B uni7BC4 uni5927 uni5B78,uni9AD8 uni5E2B uni5927
國立高雄師範大學附屬高級中學,高師大附中,uni570B uni7ACB uni9AD8 uni96C4 uni5E2B uni7BC4 uni5927 uni5B78 uni9644 uni5C6C uni9AD8 uni7D1A uni4E2D uni5B78,uni9AD8 uni5E2B uni5927 uni9644 uni4E2D
國立清華大學,清大,uni570B uni7ACB uni6E05 uni83EF uni5927 uni5B78,uni6E05 uni5927
國立陽明交通大學,陽明交大,uni570B uni7ACB uni967D uni660E uni4EA4 uni901A uni5927 uni5B78,uni967D uni660E uni4EA4 uni5927
國立雲林科技大學,雲科,uni570B uni7ACB uni96F2 uni6797 uni79D1 uni6280 uni5927 uni5B78,uni96F2 uni79D1
國立新竹女子高級中學,竹女,uni570B uni7ACB uni65B0 uni7AF9 uni5973 uni5B50 uni9AD8 uni7D1A uni4E2D uni5B78,uni7AF9 uni5973
國立新竹高級中學,竹中,uni570B uni7ACB uni65B0 uni7AF9 uni9AD8 uni7D1A uni4E2D uni5B78,uni7AF9 uni4E2D
國立彰化女子高級中學,彰女,uni570B uni7ACB uni5F70 uni5316 uni5973 uni5B50 uni9AD8 uni7D1A uni4E2D uni5B78,uni5F70 uni5973
國立彰化師範大學,彰師大,uni570B uni7ACB uni5F70 uni5316 uni5E2B uni7BC4 uni5927 uni5B78,uni5F70 uni5E2B uni5927
國立彰化高級中學,彰中,uni570B uni7ACB uni5F70 uni5316 uni9AD8 uni7D1A uni4E2D uni5B78,uni5F70 uni4E2D
國立臺北大學,北大,uni570B uni7ACB uni81FA uni5317 uni5927 uni5B78,uni5317 uni5927
國立臺北科技大學,北科,uni570B uni7ACB uni81FA uni5317 uni79D1 uni6280 uni5927 uni5B78,uni5317 uni79D1
國立臺北教育大學,北教大,uni570B uni7ACB uni81FA uni5317 uni6559 uni80B2 uni5927 uni5B78,uni5317 uni6559 uni5927
國立臺北藝術大學,北藝大,uni570B uni7ACB uni81FA uni5317 uni85DD uni8853 uni5927 uni5B78,uni5317 uni85DD uni5927
國立臺灣科技大學,台科,uni570B uni7ACB uni81FA uni7063 uni79D1 uni6280 uni5927 uni5B78,uni53F0 uni79D1
國立臺灣師範大學附屬高級中學,附中,uni570B uni7ACB uni81FA uni7063 uni5E2B uni7BC4 uni5927 uni5B78 uni9644 uni5C6C uni9AD8 uni7D1A uni4E2D uni5B78,uni9644 uni4E2D
國立羅東高級中學,羅高,uni570B uni7ACB uni7F85 uni6771 uni9AD8 uni7D1A uni4E2D uni5B78,uni7F85 uni9AD8
密室逃脫,密逃,uni5BC6 uni5BA4 uni9003 uni812B,uni5BC6 uni9003
情緒勒索,情勒,uni60C5 uni7DD2 uni52D2 uni7D22,uni60C5 uni52D2
敏感性牙齒,敏牙,uni654F uni611F uni6027 uni7259 uni9F52,uni654F uni7259
畢業紀念冊,畢冊,uni7562 uni696D uni7D00 uni5FF5 uni518A,uni7562 uni518A
畢業旅行,畢旅,uni7562 uni696D uni65C5 uni884C,uni7562 uni65C5
第二外語,二外,uni7B2C uni4E8C uni5916 uni8A9E,uni4E8C uni5916
累積點數,累點,uni7D2F uni7A4D uni9EDE uni6578,uni7D2F uni9EDE
被動收入,被收,uni88AB uni52D5 uni6536 uni5165,uni88AB uni6536
這段感情只有我在付出,這感我付,uni9019 uni6BB5 uni611F uni60C5 uni53EA uni6709 uni6211 uni5728 uni4ED8 uni51FA,uni9019 uni611F uni6211 uni4ED8
這個,j個,uni9019 uni500B,j uni500B
備審資料,備審,uni5099 uni5BE9 uni8CC7 uni6599,uni5099 uni5BE9
最低消費,低消,uni6700 uni4F4E uni6D88 uni8CBB,uni4F4E uni6D88
勞工保險,勞保,uni52DE uni5DE5 uni4FDD uni96AA,uni52DE uni4FDD
提前畢業,提畢,uni63D0 uni524D uni7562 uni696D,uni63D0 uni7562
智力商數,智商,uni667A uni529B uni5546 uni6578,uni667A uni5546
發生關係,發關,uni767C uni751F uni95DC uni4FC2,uni767C uni95DC
筆記型電腦,筆電,uni7B46 uni8A18 uni578B uni96FB uni8166,uni7B46 uni96FB
超級市場,超市,uni8D85 uni7D1A uni5E02 uni5834,uni8D85 uni5E02
廉價航空,廉航,uni5EC9 uni50F9 uni822A uni7A7A,uni5EC9 uni822A
新北市立板橋高級中學,板中,uni65B0 uni5317 uni5E02 uni7ACB uni677F uni6A4B uni9AD8 uni7D1A uni4E2D uni5B78,uni677F uni4E2D
新北市政府,新北市府,uni65B0 uni5317 uni5E02 uni653F uni5E9C,uni65B0 uni5317 uni5E02 uni5E9C
新竹市政府,竹市府,uni65B0 uni7AF9 uni5E02 uni653F uni5E9C,uni7AF9 uni5E02 uni5E9C
新竹科學園區,竹科,uni65B0 uni7AF9 uni79D1 uni5B78 uni5712 uni5340,uni7AF9 uni79D1
業務配合,業配,uni696D uni52D9 uni914D uni5408,uni696D uni914D
溫馨故事,溫故,uni6EAB uni99A8 uni6545 uni4E8B,uni6EAB uni6545
群組通話,群通,uni7FA4 uni7D44 uni901A uni8A71,uni7FA4 uni901A
羨慕嫉妒恨,羨嫉,uni7FA8 uni6155 uni5AC9 uni5992 uni6068,uni7FA8 uni5AC9
電子郵件,電郵,uni96FB uni5B50 uni90F5 uni4EF6,uni96FB uni90F5
電動玩具,電玩,uni96FB uni52D5 uni73A9 uni5177,uni96FB uni73A9
網路咖啡廳,網咖,uni7DB2 uni8DEF uni5496 uni5561 uni5EF3,uni7DB2 uni5496
網路咖啡館,網咖,uni7DB2 uni8DEF uni5496 uni5561 uni9928,uni7DB2 uni5496
網路購物,網購,uni7DB2 uni8DEF uni8CFC uni7269,uni7DB2 uni8CFC
臺中市立臺中女子高級中等學校,中女中,uni81FA uni4E2D uni5E02 uni7ACB uni81FA uni4E2D uni5973 uni5B50 uni9AD8 uni7D1A uni4E2D uni7B49 uni5B78 uni6821,uni4E2D uni5973 uni4E2D
臺南市政府,南市府,uni81FA uni5357 uni5E02 uni653F uni5E9C,uni5357 uni5E02 uni5E9C
臺南第一高級中學,南一中,uni81FA uni5357 uni7B2C uni4E00 uni9AD8 uni7D1A uni4E2D uni5B78,uni5357 uni4E00 uni4E2D
臺灣鐵路公司,台鐵,uni81FA uni7063 uni9435 uni8DEF uni516C uni53F8,uni53F0 uni9435
與眾人分享,與眾分,uni8207 uni773E uni4EBA uni5206 uni4EAB,uni8207 uni773E uni5206
歐羅巴洲,歐洲,uni6B50 uni7F85 uni5DF4 uni6D32,uni6B50 uni6D32
學生運動,學運,uni5B78 uni751F uni904B uni52D5,uni5B78 uni904B
學生餐廳,學餐,uni5B78 uni751F uni9910 uni5EF3,uni5B78 uni9910
學習歷程檔案,學習歷程,uni5B78 uni7FD2 uni6B77 uni7A0B uni6A94 uni6848,uni5B78 uni7FD2 uni6B77 uni7A0B
環境保護,環保,uni74B0 uni5883 uni4FDD uni8B77,uni74B0 uni4FDD
聯合報,聯合,uni806F uni5408 uni5831,uni806F uni5408
簡化語言,簡語,uni7C21 uni5316 uni8A9E uni8A00,uni7C21 uni8A9E
穩定交往,穩交,uni7A69 uni5B9A uni4EA4 uni5F80,uni7A69 uni4EA4
穩定聊天,穩聊,uni7A69 uni5B9A uni804A uni5929,uni7A69 uni804A
穩定單身,穩單,uni7A69 uni5B9A uni55AE uni8EAB,uni7A69 uni55AE
關公面前耍大刀,關耍,uni95DC uni516C uni9762 uni524D uni800D uni5927 uni5200,uni95DC uni800D
關我屁事,郭,uni95DC uni6211 uni5C41 uni4E8B,uni90ED
靈光乍現,靈乍,uni9748 uni5149 uni4E4D uni73FE,uni9748 uni4E4D
buy one get one,BOGO,b u y space o n e space g e t space o n e,B O G O
Facebook,FB,F a c e b o o k,F B
Google Maps,估咩,G o o g l e space M a p s,uni4F30 uni54A9
Instagram,IG,I n s t a g r a m,I G
K書中心,K中,K uni66F8 uni4E2D uni5FC3,K uni4E2D
PowerPoint,ppt,P o w e r P o i n t,p p t
seven-eleven,seven,s e v e n hyphen e l e v e n,s e v e n
seven eleven,seven,s e v e n space e l e v e n,s e v e n
7-Eleven,seven,seven hyphen E l e v e n,s e v e n
Threads,脆,T h r e a d s,uni8106
you know what i'm saying,M3,y o u space k n o w space w h a t space i quotesingle m space s a y i n g,M three
true,觸,t r u e,uni89F8
you only live once,YOLO,y o u space o n l y space l i v e space o n c e,Y O L O
歡迎光臨,緩光臨,uni6B61 uni8FCE uni5149 uni81E8,uni7DE9 uni5149 uni81E8
民主進步黨,民進黨,uni6C11 uni4E3B uni9032 uni6B65 uni9EE8,uni6C11 uni9032 uni9EE8
中國國民黨,國民黨,uni4E2D uni570B uni570B uni6C11 uni9EE8,uni570B uni6C11 uni9EE8
台灣民眾黨,民眾黨,uni53F0 uni7063 uni6C11 uni773E uni9EE8,uni6C11 uni773E uni9EE8
時代力量,時力,uni6642 uni4EE3 uni529B uni91CF,uni6642 uni529B
台灣團結聯盟,台聯,uni53F0 uni7063 uni5718 uni7D50 uni806F uni76DF,uni53F0 uni806F
社會民主黨,社民黨,uni793E uni6703 uni6C11 uni4E3B uni9EE8,uni793E uni6C11 uni9EE8
台灣基進,基進黨,uni53F0 uni7063 uni57FA uni9032,uni57FA uni9032 uni9EE8
justfont,遮放,j u s t f o n t,uni906E uni653E
需要什麼,蕭什麼,uni9700 uni8981 uni4EC0 uni9EBC,uni856D uni4EC0 uni9EBC
不好意思,報思,uni4E0D uni597D uni610F uni601D,uni5831 uni601D
今天的,尖的,uni4ECA uni5929 uni7684,uni5C16 uni7684
謝謝光臨,寫光您,uni8B1D uni8B1D uni5149 uni81E8,uni5BEB uni5149 uni60A8
您好,鳥,uni60A8 uni597D,uni9CE5
知道,造,uni77E5 uni9053,uni9020
好漂亮,好漂,uni597D uni6F02 uni4EAE,uni597D uni6F02
你要確定耶,要確耶,uni4F60 uni8981 uni78BA uni5B9A uni8036,uni8981 uni78BA uni8036
投資顧問,投顧,uni6295 uni8CC7 uni9867 uni554F,uni6295 uni9867
理財專員,理專,uni7406 uni8CA1 uni5C08 uni54E1,uni7406 uni5C08
管理顧問,管顧,uni7BA1 uni7406 uni9867 uni554F,uni7BA1 uni9867
保險經紀人,保經,uni4FDD uni96AA uni7D93 uni7D00 uni4EBA,uni4FDD uni7D93
人壽保險,壽險,uni4EBA uni58FD uni4FDD uni96AA,uni58FD uni96AA
產物保險,產險,uni7522 uni7269 uni4FDD uni96AA,uni7522 uni96AA
旅遊平安險,旅平險,uni65C5 uni904A uni5E73 uni5B89 uni96AA,uni65C5 uni5E73 uni96AA
旅遊不便險,不便險,uni65C5 uni904A uni4E0D uni4FBF uni96AA,uni4E0D uni4FBF uni96AA
團體保險,團保,uni5718 uni9AD4 uni4FDD uni96AA,uni5718 uni4FDD
群眾募資,群募,uni7FA4 uni773E uni52DF uni8CC7,uni7FA4 uni52DF
簡語爭霸賽,簡爭,uni7C21 uni8A9E uni722D uni9738 uni8CFD,uni7C21 uni722D
撒泡尿自己照照,撒照,uni6492 uni6CE1 uni5C3F uni81EA uni5DF1 uni7167 uni7167,uni6492 uni7167
熱鍋上的螞蟻,熱螞,uni71B1 uni934B uni4E0A uni7684 uni879E uni87FB,uni71B1 uni879E
癩蛤蟆想吃天鵝肉,癩天,uni7669 uni86E4 uni87C6 uni60F3 uni5403 uni5929 uni9D5D uni8089,uni7669 uni5929
狗嘴吐不出象牙,狗吐,uni72D7 uni5634 uni5410 uni4E0D uni51FA uni8C61 uni7259,uni72D7 uni5410
國際知名插畫家,國插,uni570B uni969B uni77E5 uni540D uni63D2 uni756B uni5BB6,uni570B uni63D2
生雞卵無，放雞屎有,生放,uni751F uni96DE uni5375 uni7121 comma.full uni653E uni96DE uni5C4E uni6709,uni751F uni653E
生雞卵的無，放雞屎的有,生放,uni751F uni96DE uni5375 uni7684 uni7121 comma.full uni653E uni96DE uni5C4E uni7684 uni6709,uni751F uni653E
打腫臉充胖子,打充,uni6253 uni816B uni81C9 uni5145 uni80D6 uni5B50,uni6253 uni5145
天生我材必有用,天我,uni5929 uni751F uni6211 uni6750 uni5FC5 uni6709 uni7528,uni5929 uni6211
泥菩薩過江,泥過,uni6CE5 uni83E9 uni85A9 uni904E uni6C5F,uni6CE5 uni904E
掛羊頭賣狗肉,掛賣,uni639B uni7F8A uni982D uni8CE3 uni72D7 uni8089,uni639B uni8CE3
苦盡甘來,苦甘,uni82E6 uni76E1 uni7518 uni4F86,uni82E6 uni7518
舌燦蓮花,舌蓮,uni820C uni71E6 uni84EE uni82B1,uni820C uni84EE
乞丐趕廟公,乞趕,uni4E5E uni4E10 uni8D95 uni5EDF uni516C,uni4E5E uni8D95
涼拌炒雞蛋,涼炒蛋,uni6DBC uni62CC uni7092 uni96DE uni86CB,uni6DBC uni7092 uni86CB
啞巴吃黃蓮,啞黃,uni555E uni5DF4 uni5403 uni9EC3 uni84EE,uni555E uni9EC3
旅行小包,旅小,uni65C5 uni884C uni5C0F uni5305,uni65C5 uni5C0F
Apple Watch,AW,A p p l e space W a t c h,A W
我是鎧之巨人，貝爾托特是超大型巨人,我鎧他超,uni6211 uni662F uni93A7 uni4E4B uni5DE8 uni4EBA comma.full uni8C9D uni723E uni6258 uni7279 uni662F uni8D85 uni5927 uni578B uni5DE8 uni4EBA,uni6211 uni93A7 uni4ED6 uni8D85
東京巨蛋,東蛋,uni6771 uni4EAC uni5DE8 uni86CB,uni6771 uni86CB
子宮頸抹片檢查,子抹檢查,uni5B50 uni5BAE uni9838 uni62B9 uni7247 uni6AA2 uni67E5,uni5B50 uni62B9 uni6AA2 uni67E5
大腸乳攝口腔,大乳口,uni5927 uni8178 uni4E73 uni651D uni53E3 uni8154,uni5927 uni4E73 uni53E3
兒童遊戲安全規範,兒遊安規,uni5152 uni7AE5 uni904A uni6232 uni5B89 uni5168 uni898F uni7BC4,uni5152 uni904A uni5B89 uni898F
量子物理,量物,uni91CF uni5B50 uni7269 uni7406,uni91CF uni7269
量子力學,量力,uni91CF uni5B50 uni529B uni5B78,uni91CF uni529B
廣義相對論,廣相,uni5EE3 uni7FA9 uni76F8 uni5C0D uni8AD6,uni5EE3 uni76F8
古典力學,古力,uni53E4 uni5178 uni529B uni5B78,uni53E4 uni529B
西洋文學概論,西概,uni897F uni6D0B uni6587 uni5B78 uni6982 uni8AD6,uni897F uni6982
熱統計物理,熱統,uni71B1 uni7D71 uni8A08 uni7269 uni7406,uni71B1 uni7D71
back to school,BTS,b a c k space t o space s c h o o l,B T S
我懷疑你在開車，但我沒有證據,疑車無據,uni6211 uni61F7 uni7591 uni4F60 uni5728 uni958B uni8ECA comma.full uni4F46 uni6211 uni6C92 uni6709 uni8B49 uni64DA,uni7591 uni8ECA uni7121 uni64DA
賣場入口,賣入,uni8CE3 uni5834 uni5165 uni53E3,uni8CE3 uni5165
take the challenge,ㄊㄟ掐,t a k e space t h e space c h a l l e n g e,t-bopomofo ei-bopomofo uni6390
詐騙團體,詐團,uni8A50 uni9A19 uni5718 uni9AD4,uni8A50 uni5718
大港開唱,大港,uni5927 uni6E2F uni958B uni5531,uni5927 uni6E2F
春天吶喊,春吶,uni6625 uni5929 uni5436 uni558A,uni6625 uni5436
統一編號,統編,uni7D71 uni4E00 uni7DE8 uni865F,uni7D71 uni7DE8
日本亞馬遜,日亞,uni65E5 uni672C uni4E9E uni99AC uni905C,uni65E5 uni4E9E
美國亞馬遜,美亞,uni7F8E uni570B uni4E9E uni99AC uni905C,uni7F8E uni4E9E
流行性感冒,流感,uni6D41 uni884C uni6027 uni611F uni5192,uni6D41 uni611F
新型冠狀病毒肺炎,新冠肺炎,uni65B0 uni578B uni51A0 uni72C0 uni75C5 uni6BD2 uni80BA uni708E,uni65B0 uni51A0 uni80BA uni708E
畢業典禮,畢典,uni7562 uni696D uni5178 uni79AE,uni7562 uni5178
happy birthday,HBD,h a p p y space b i r t h d a y,H B D
西裝外套,西外,uni897F uni88DD uni5916 uni5957,uni897F uni5916
大家早,搭早,uni5927 uni5BB6 uni65E9,uni642D uni65E9
you see see you,UCCU,y o u space s e e space s e e space y o u,U C C U
取消關注,取關,uni53D6 uni6D88 uni95DC uni6CE8,uni53D6 uni95DC
運動內衣,運內,uni904B uni52D5 uni5167 uni8863,uni904B uni5167
國家金融安定基金,國安基金,uni570B uni5BB6 uni91D1 uni878D uni5B89 uni5B9A uni57FA uni91D1,uni570B uni5B89 uni57FA uni91D1
聯合國安全理事會,聯合國安理會,uni806F uni5408 uni570B uni5B89 uni5168 uni7406 uni4E8B uni6703,uni806F uni5408 uni570B uni5B89 uni7406 uni6703
消費者文教基金會,消基會,uni6D88 uni8CBB uni8005 uni6587 uni6559 uni57FA uni91D1 uni6703,uni6D88 uni57FA uni6703
役齡男子,役男,uni5F79 uni9F61 uni7537 uni5B50,uni5F79 uni7537
異性戀男性,異男,uni7570 uni6027 uni6200 uni7537 uni6027,uni7570 uni7537
異性戀女性,異女,uni7570 uni6027 uni6200 uni5973 uni6027,uni7570 uni5973
國民中學,國中,uni570B uni6C11 uni4E2D uni5B78,uni570B uni4E2D
國民小學,國小,uni570B uni6C11 uni5C0F uni5B78,uni570B uni5C0F
高級中學,高中,uni9AD8 uni7D1A uni4E2D uni5B78,uni9AD8 uni4E2D
技術型高級中學,技高,uni6280 uni8853 uni578B uni9AD8 uni7D1A uni4E2D uni5B78,uni6280 uni9AD8
國民中小學,國中小,uni570B uni6C11 uni4E2D uni5C0F uni5B78,uni570B uni4E2D uni5C0F
二年制專科學校,二專,uni4E8C uni5E74 uni5236 uni5C08 uni79D1 uni5B78 uni6821,uni4E8C uni5C08
科技院校四年制,四技,uni79D1 uni6280 uni9662 uni6821 uni56DB uni5E74 uni5236,uni56DB uni6280
科技院校二年制,二技,uni79D1 uni6280 uni9662 uni6821 uni4E8C uni5E74 uni5236,uni4E8C uni6280
五年制專科學校,五專,uni4E94 uni5E74 uni5236 uni5C08 uni79D1 uni5B78 uni6821,uni4E94 uni5C08
國民中學基本學力測驗,基測,uni570B uni6C11 uni4E2D uni5B78 uni57FA uni672C uni5B78 uni529B uni6E2C uni9A57,uni57FA uni6E2C
科技院校四年制與專科學校二年制統一入學測驗,統測,uni79D1 uni6280 uni9662 uni6821 uni56DB uni5E74 uni5236 uni8207 uni5C08 uni79D1 uni5B78 uni6821 uni4E8C uni5E74 uni5236 uni7D71 uni4E00 uni5165 uni5B78 uni6E2C uni9A57,uni7D71 uni6E2C
大學入學指定科目考試,指考,uni5927 uni5B78 uni5165 uni5B78 uni6307 uni5B9A uni79D1 uni76EE uni8003 uni8A66,uni6307 uni8003
就學區免試入學,大免,uni5C31 uni5B78 uni5340 uni514D uni8A66 uni5165 uni5B78,uni5927 uni514D
優先免試入學,優免,uni512A uni5148 uni514D uni8A66 uni5165 uni5B78,uni512A uni514D
試辦學習區完全免試入學,全免,uni8A66 uni8FA6 uni5B78 uni7FD2 uni5340 uni5B8C uni5168 uni514D uni8A66 uni5165 uni5B78,uni5168 uni514D
大學聯合招生考試,聯考,uni5927 uni5B78 uni806F uni5408 uni62DB uni751F uni8003 uni8A66,uni806F uni8003
消防警察,警消,uni6D88 uni9632 uni8B66 uni5BDF,uni8B66 uni6D88
警察與消防隊,警消,uni8B66 uni5BDF uni8207 uni6D88 uni9632 uni968A,uni8B66 uni6D88
義勇消防,義消,uni7FA9 uni52C7 uni6D88 uni9632,uni7FA9 uni6D88
民事防護,民防,uni6C11 uni4E8B uni9632 uni8B77,uni6C11 uni9632
義勇警察,義警,uni7FA9 uni52C7 uni8B66 uni5BDF,uni7FA9 uni8B66
交通義勇警察,義交,uni4EA4 uni901A uni7FA9 uni52C7 uni8B66 uni5BDF,uni7FA9 uni4EA4
母胎單身,母單,uni6BCD uni80CE uni55AE uni8EAB,uni6BCD uni55AE
退休撫卹,退撫,uni9000 uni4F11 uni64AB uni5379,uni9000 uni64AB
勞工退休金,勞退,uni52DE uni5DE5 uni9000 uni4F11 uni91D1,uni52DE uni9000
違章建築,違建,uni9055 uni7AE0 uni5EFA uni7BC9,uni9055 uni5EFA
危險建築物,危樓,uni5371 uni96AA uni5EFA uni7BC9 uni7269,uni5371 uni6A13
危險樓房,危樓,uni5371 uni96AA uni6A13 uni623F,uni5371 uni6A13
老硞硞,LKK,uni8001 uni785E uni785E,L K K
Illustrator,以拉,I l l u s t r a t o r,uni4EE5 uni62C9
家庭教師,家教,uni5BB6 uni5EAD uni6559 uni5E2B,uni5BB6 uni6559
thank you,Q,t h a n k space y o u,Q
共同筆記,共筆,uni5171 uni540C uni7B46 uni8A18,uni5171 uni7B46
共同朋友,共朋,uni5171 uni540C uni670B uni53CB,uni5171 uni670B
同志遊行,同遊,uni540C uni5FD7 uni904A uni884C,uni540C uni904A
茶之魔手,茶魔,uni8336 uni4E4B uni9B54 uni624B,uni8336 uni9B54
茶的魔手,茶魔,uni8336 uni7684 uni9B54 uni624B,uni8336 uni9B54
新年快樂,新快,uni65B0 uni5E74 uni5FEB uni6A02,uni65B0 uni5FEB
的啊,搭,uni7684 uni554A,uni642D
台幣戰士,台戰,uni53F0 uni5E63 uni6230 uni58EB,uni53F0 uni6230
標準配備,標配,uni6A19 uni6E96 uni914D uni5099,uni6A19 uni914D
二次創作,二創,uni4E8C uni6B21 uni5275 uni4F5C,uni4E8C uni5275
公共托育,公托,uni516C uni5171 uni6258 uni80B2,uni516C uni6258
公共托幼,公托,uni516C uni5171 uni6258 uni5E7C,uni516C uni6258
公立托嬰,公托,uni516C uni7ACB uni6258 uni5B30,uni516C uni6258
行車執照,行照,uni884C uni8ECA uni57F7 uni7167,uni884C uni7167
駕駛執照,駕照,uni99D5 uni99DB uni57F7 uni7167,uni99D5 uni7167
你說真的？,講真？,uni4F60 uni8AAA uni771F uni7684 question.full,uni8B1B uni771F question.full
原住民青年,原青,uni539F uni4F4F uni6C11 uni9752 uni5E74,uni539F uni9752
批踢踢實業坊,批踢踢,uni6279 uni8E22 uni8E22 uni5BE6 uni696D uni574A,uni6279 uni8E22 uni8E22
珍奶雞排,奶雞,uni73CD uni5976 uni96DE uni6392,uni5976 uni96DE
官方網站,官網,uni5B98 uni65B9 uni7DB2 uni7AD9,uni5B98 uni7DB2
薪水小偷,薪偷,uni85AA uni6C34 uni5C0F uni5077,uni85AA uni5077
居家清潔,居清,uni5C45 uni5BB6 uni6E05 uni6F54,uni5C45 uni6E05
板橋耶誕城,板耶,uni677F uni6A4B uni8036 uni8A95 uni57CE,uni677F uni8036
國語文寫作能力測驗,國寫,uni570B uni8A9E uni6587 uni5BEB uni4F5C uni80FD uni529B uni6E2C uni9A57,uni570B uni5BEB
美國短毛貓,美短,uni7F8E uni570B uni77ED uni6BDB uni8C93,uni7F8E uni77ED
英國短毛貓,英短,uni82F1 uni570B uni77ED uni6BDB uni8C93,uni82F1 uni77ED
邊境牧羊犬,邊牧,uni908A uni5883 uni7267 uni7F8A uni72AC,uni908A uni7267
法國鬥牛犬,法鬥,uni6CD5 uni570B uni9B25 uni725B uni72AC,uni6CD5 uni9B25
平價替代,平替,uni5E73 uni50F9 uni66FF uni4EE3,uni5E73 uni66FF
平行輸入,平輸,uni5E73 uni884C uni8F38 uni5165,uni5E73 uni8F38
悲傷五階段,悲五,uni60B2 uni50B7 uni4E94 uni968E uni6BB5,uni60B2 uni4E94
疲勞轟炸,疲轟,uni75B2 uni52DE uni8F5F uni70B8,uni75B2 uni8F5F
平民貴族,平貴,uni5E73 uni6C11 uni8CB4 uni65CF,uni5E73 uni8CB4
百分百確定,百確,uni767E uni5206 uni767E uni78BA uni5B9A,uni767E uni78BA
百分百之確定,百確,uni767E uni5206 uni767E uni4E4B uni78BA uni5B9A,uni767E uni78BA
滾動式調整,滾調,uni6EFE uni52D5 uni5F0F uni8ABF uni6574,uni6EFE uni8ABF
路上小心,路小,uni8DEF uni4E0A uni5C0F uni5FC3,uni8DEF uni5C0F
刻板印象,刻印,uni523B uni677F uni5370 uni8C61,uni523B uni5370
韓國綜藝節目,韓綜,uni97D3 uni570B uni7D9C uni85DD uni7BC0 uni76EE,uni97D3 uni7D9C
顯示卡,顯卡,uni986F uni793A uni5361,uni986F uni5361
社會經濟地位,社經地位,uni793E uni6703 uni7D93 uni6FDF uni5730 uni4F4D,uni793E uni7D93 uni5730 uni4F4D
陸上颱風警報,陸警,uni9678 uni4E0A uni98B1 uni98A8 uni8B66 uni5831,uni9678 uni8B66
海上颱風警報,海警,uni6D77 uni4E0A uni98B1 uni98A8 uni8B66 uni5831,uni6D77 uni8B66
長髮男又贏,長又贏,uni9577 uni9AEE uni7537 uni53C8 uni8D0F,uni9577 uni53C8 uni8D0F
摸蜊仔兼洗褲,摸洗,uni6478 uni870A uni4ED4 uni517C uni6D17 uni8932,uni6478 uni6D17
扣繳憑單,扣憑,uni6263 uni7E73 uni6191 uni55AE,uni6263 uni6191
超級商店,超商,uni8D85 uni7D1A uni5546 uni5E97,uni8D85 uni5546
講真的,講真,uni8B1B uni771F uni7684,uni8B1B uni771F
很厲害,很厲,uni5F88 uni53B2 uni5BB3,uni5F88 uni53B2
壓力山大,壓山,uni58D3 uni529B uni5C71 uni5927,uni58D3 uni5C71
段考複習,段複,uni6BB5 uni8003 uni8907 uni7FD2,uni6BB5 uni8907
到家說一下,到說,uni5230 uni5BB6 uni8AAA uni4E00 uni4E0B,uni5230 uni8AAA
月亮代表我的心,月表,uni6708 uni4EAE uni4EE3 uni8868 uni6211 uni7684 uni5FC3,uni6708 uni8868
走味的咖啡,走咖,uni8D70 uni5473 uni7684 uni5496 uni5561,uni8D70 uni5496
可愛女人,可女,uni53EF uni611B uni5973 uni4EBA,uni53EF uni5973
魔鬼藏在細節裡,魔藏,uni9B54 uni9B3C uni85CF uni5728 uni7D30 uni7BC0 uni88E1,uni9B54 uni85CF
喪失自信,喪自,uni55AA uni5931 uni81EA uni4FE1,uni55AA uni81EA
精神狀態,精狀,uni7CBE uni795E uni72C0 uni614B,uni7CBE uni72C0
靈光乍洩,靈乍,uni9748 uni5149 uni4E4D uni6D29,uni9748 uni4E4D
個人寫真,個寫,uni500B uni4EBA uni5BEB uni771F,uni500B uni5BEB
左右為難,左為,uni5DE6 uni53F3 uni70BA uni96E3,uni5DE6 uni70BA
平安喜樂,平喜,uni5E73 uni5B89 uni559C uni6A02,uni5E73 uni559C
表情符號,表符,uni8868 uni60C5 uni7B26 uni865F,uni8868 uni7B26
歡樂氣氛,歡氛,uni6B61 uni6A02 uni6C23 uni6C1B,uni6B61 uni6C1B
華麗登場,華登,uni83EF uni9E97 uni767B uni5834,uni83EF uni767B
脆弱敏感,脆敏,uni8106 uni5F31 uni654F uni611F,uni8106 uni654F
青菜蘿蔔,青蘿,uni9752 uni83DC uni863F uni8514,uni9752 uni863F
耶誕快樂,耶快,uni8036 uni8A95 uni5FEB uni6A02,uni8036 uni5FEB
畢業快樂,業快,uni7562 uni696D uni5FEB uni6A02,uni696D uni5FEB
夢幻婚禮,夢婚,uni5922 uni5E7B uni5A5A uni79AE,uni5922 uni5A5A
理性溝通,理溝,uni7406 uni6027 uni6E9D uni901A,uni7406 uni6E9D
舉手發問,舉發,uni8209 uni624B uni767C uni554F,uni8209 uni767C
早餐咖啡,早咖,uni65E9 uni9910 uni5496 uni5561,uni65E9 uni5496
雖然會遲到，但是最終會到來,雖遲但到,uni96D6 uni7136 uni6703 uni9072 uni5230 comma.full uni4F46 uni662F uni6700 uni7D42 uni6703 uni5230 uni4F86,uni96D6 uni9072 uni4F46 uni5230
教育召集,教召,uni6559 uni80B2 uni53EC uni96C6,uni6559 uni53EC
器官捐贈,器捐,uni5668 uni5B98 uni6350 uni8D08,uni5668 uni6350
成果發表會,成發,uni6210 uni679C uni767C uni8868 uni6703,uni6210 uni767C
交通要道,交要,uni4EA4 uni901A uni8981 uni9053,uni4EA4 uni8981
宣布幹部,宣幹,uni5BA3 uni5E03 uni5E79 uni90E8,uni5BA3 uni5E79
聖誕晚會,聖晚,uni8056 uni8A95 uni665A uni6703,uni8056 uni665A
耶誕晚會,耶晚,uni8036 uni8A95 uni665A uni6703,uni8036 uni665A
幹部介紹,幹介,uni5E79 uni90E8 uni4ECB uni7D39,uni5E79 uni4ECB
幹部訓練,幹訓,uni5E79 uni90E8 uni8A13 uni7DF4,uni5E79 uni8A13
畢業生聯合會,畢聯會,uni7562 uni696D uni751F uni806F uni5408 uni6703,uni7562 uni806F uni6703
畢業典禮籌備會,畢籌會,uni7562 uni696D uni5178 uni79AE uni7C4C uni5099 uni6703,uni7562 uni7C4C uni6703
畢業生代表,畢代,uni7562 uni696D uni751F uni4EE3 uni8868,uni7562 uni4EE3
班級代表,班代,uni73ED uni7D1A uni4EE3 uni8868,uni73ED uni4EE3
環境保護暨職業安全衛生,環安衛,uni74B0 uni5883 uni4FDD uni8B77 uni66A8 uni8077 uni696D uni5B89 uni5168 uni885B uni751F,uni74B0 uni5B89 uni885B
管理幹部,管幹,uni7BA1 uni7406 uni5E79 uni90E8,uni7BA1 uni5E79
犯罪行為人,犯人,uni72AF uni7F6A uni884C uni70BA uni4EBA,uni72AF uni4EBA
副社長,副社,uni526F uni793E uni9577,uni526F uni793E
家庭醫學,家醫,uni5BB6 uni5EAD uni91AB uni5B78,uni5BB6 uni91AB
品質管理,品管,uni54C1 uni8CEA uni7BA1 uni7406,uni54C1 uni7BA1
副董事長,副董,uni526F uni8463 uni4E8B uni9577,uni526F uni8463
副總經理,副總,uni526F uni7E3D uni7D93 uni7406,uni526F uni7E3D
網路紅人,網紅,uni7DB2 uni8DEF uni7D05 uni4EBA,uni7DB2 uni7D05
班級聯合自治會,班聯會,uni73ED uni7D1A uni806F uni5408 uni81EA uni6CBB uni6703,uni73ED uni806F uni6703
學生事務處,學務處,uni5B78 uni751F uni4E8B uni52D9 uni8655,uni5B78 uni52D9 uni8655
教學事務處,教務處,uni6559 uni5B78 uni4E8B uni52D9 uni8655,uni6559 uni52D9 uni8655
國際事務處,國際處,uni570B uni969B uni4E8B uni52D9 uni8655,uni570B uni969B uni8655
研究發展處,研發處,uni7814 uni7A76 uni767C uni5C55 uni8655,uni7814 uni767C uni8655
日星宋體二號,日星宋二,uni65E5 uni661F uni5B8B uni9AD4 uni4E8C uni865F,uni65E5 uni661F uni5B8B uni4E8C
日星宋體貳號,日星宋貳,uni65E5 uni661F uni5B8B uni9AD4 uni8CB3 uni865F,uni65E5 uni661F uni5B8B uni8CB3
日星二號宋體,日星二宋,uni65E5 uni661F uni4E8C uni865F uni5B8B uni9AD4,uni65E5 uni661F uni4E8C uni5B8B
日星貳號宋體,日星貳宋,uni65E5 uni661F uni8CB3 uni865F uni5B8B uni9AD4,uni65E5 uni661F uni8CB3 uni5B8B
PTT2 ,批兔,P T T two space,uni6279 uni5154
碩士論文,碩論,uni78A9 uni58EB uni8AD6 uni6587,uni78A9 uni8AD6
博士論文,博論,uni535A uni58EB uni8AD6 uni6587,uni535A uni8AD6
教學助理,助教,uni6559 uni5B78 uni52A9 uni7406,uni52A9 uni6559
專題研究,專題,uni5C08 uni984C uni7814 uni7A76,uni5C08 uni984C
文藝青年,文青,uni6587 uni85DD uni9752 uni5E74,uni6587 uni9752
今天早上,今早,uni4ECA uni5929 uni65E9 uni4E0A,uni4ECA uni65E9
今天晚上,今晚,uni4ECA uni5929 uni665A uni4E0A,uni4ECA uni665A
明天早上,明早,uni660E uni5929 uni65E9 uni4E0A,uni660E uni65E9
明天晚上,明晚,uni660E uni5929 uni665A uni4E0A,uni660E uni665A
男朋友,男友,uni7537 uni670B uni53CB,uni7537 uni53CB
女朋友,女友,uni5973 uni670B uni53CB,uni5973 uni53CB
爸爸,爸,uni7238 uni7238,uni7238
媽媽,媽,uni5ABD uni5ABD,uni5ABD
弟弟,弟,uni5F1F uni5F1F,uni5F1F
妹妹,妹,uni59B9 uni59B9,uni59B9
姊姊,姊,uni59CA uni59CA,uni59CA
姐姐,姐,uni59D0 uni59D0,uni59D0
哥哥,哥,uni54E5 uni54E5,uni54E5
叔叔,叔,uni53D4 uni53D4,uni53D4
阿公,公,uni963F uni516C,uni516C
阿嬤,嬤,uni963F uni5B24,uni5B24
阿姨,姨,uni963F uni59E8,uni59E8
老婆,婆,uni8001 uni5A46,uni5A46
飲食控制,飲控,uni98F2 uni98DF uni63A7 uni5236,uni98F2 uni63A7
誰知道,誰造,uni8AB0 uni77E5 uni9053,uni8AB0 uni9020
電話聯絡,電聯,uni96FB uni8A71 uni806F uni7D61,uni96FB uni806F
嵌入圖片,嵌入,uni5D4C uni5165 uni5716 uni7247,uni5D4C uni5165
建立外框,轉外,uni5EFA uni7ACB uni5916 uni6846,uni8F49 uni5916
轉外框,轉外,uni8F49 uni5916 uni6846,uni8F49 uni5916
oh my god,OMG,o h space m y space g o d,O M G
for your information,FYI,f o r space y o u r space i n f o r m a t i o n,F Y I
as soon as possible,ASAP,a s space s o o n space a s space p o s s i b l e,A S A P
Internet Explorer,IE,I n t e r n e t space E x p l o r e r,I E
Bangtan Sonyeondan,BTS,B a n g t a n space S o n y e o n d a n,B T S
"bacon, lettuce, tomato",BLT,b a c o n comma space l e t t u c e comma space t o m a t o,B L T
Nintendo Switch,NS,N i n t e n d o space S w i t c h,N S
Photoshop,PS,P h o t o s h o p,P S
PlayStation,PS,P l a y S t a t i o n,P S
Artificial Intelligence,AI,A r t i f i c i a l space I n t e l l i g e n c e,A I
Machitosh,Mac,M a c h i t o s h,M a c
personal computer,PC,p e r s o n a l space c o m p u t e r,P C
tomorrow,TMR,t o m o r r o w,T M R
by the way,BTW,b y space t h e space w a y,B T W
Microsoft,MS,M i c r o s o f t,M S
Microsoft Network,MSN,M i c r o s o f t space N e t w o r k,M S N
User Interface,UI,U s e r space I n t e r f a c e,U I
User Experience,UX,U s e r space E x p e r i e n c e,U X
Disk Operating System,DOS,D i s k space O p e r a t i n g space S y s t e m,D O S
Universal Serial Bus,USB,U n i v e r s a l space S e r i a l space B u s,U S B
Bus Rapid Transit,BRT,B u s space R a p i d space T r a n s i t,B R T
Mass Rapid Transit,MRT,M a s s space R a p i d space T r a n s i t,M R T
laugh out loud,LOL,l a u g h space o u t space l o u d,L O L
laugh my ass off,LMAO,l a u g h space m y space a s s space o f f,L M A O
versus,vs.,v e r s u s,v s period
too much information,TMI,t o o space m u c h space i n f o r m a t i o n,T M I
point of view,POV,p o i n t space o f space v i e w,P O V
outfit of the day,OOTD,o u t f i t space o f space t h e space d a y,O O T D
also known as,AKA,a l s o space k n o w n space a s,A K A
Key Opinion Leader,KOL,K e y space O p i n i o n space L e a d e r,K O L
Temporomandibular Joint Disorder,TMD,T e m p o r o m a n d i b u l a r space J o i n t space D i s o r d e r,T M D
posttraumatic stress disorder,PTSD,p o s t t r a u m a t i c space s t r e s s space d i s o r d e r,P T S D
YouTuber,YTR,Y o u T u b e r,Y T R
thank god it's friday,TGIF,t h a n k space g o d space i t quotesingle s space f r i d a y,T G I F
people,peeps,p e o p l e,p e e p s
我是鎧之巨人，他是超大型巨人,我鎧他超,uni6211 uni662F uni93A7 uni4E4B uni5DE8 uni4EBA comma.full uni4ED6 uni662F uni8D85 uni5927 uni578B uni5DE8 uni4EBA,uni6211 uni93A7 uni4ED6 uni8D85
我來外遇就是羅曼史、他人外遇就是不倫,我羅他不,uni6211 uni4F86 uni5916 uni9047 uni5C31 uni662F uni7F85 uni66FC uni53F2 comma-han uni4ED6 uni4EBA uni5916 uni9047 uni5C31 uni662F uni4E0D uni502B,uni6211 uni7F85 uni4ED6 uni4E0D
我做的都是對的，其他人都是錯的,我是他非,uni6211 uni505A uni7684 uni90FD uni662F uni5C0D uni7684 comma.full uni5176 uni4ED6 uni4EBA uni90FD uni662F uni932F uni7684,uni6211 uni662F uni4ED6 uni975E
容易陷入愛情,容陷愛,uni5BB9 uni6613 uni9677 uni5165 uni611B uni60C5,uni5BB9 uni9677 uni611B
媽媽朋友的兒子,媽朋兒,uni5ABD uni5ABD uni670B uni53CB uni7684 uni5152 uni5B50,uni5ABD uni670B uni5152
孤單又燦爛的神,鬼怪,uni5B64 uni55AE uni53C8 uni71E6 uni721B uni7684 uni795E,uni9B3C uni602A
夏日咖啡男友,夏咖男,uni590F uni65E5 uni5496 uni5561 uni7537 uni53CB,uni590F uni5496 uni7537
現在撥打的電話,現撥電,uni73FE uni5728 uni64A5 uni6253 uni7684 uni96FB uni8A71,uni73FE uni64A5 uni96FB
機智的醫生生活,機醫,uni6A5F uni667A uni7684 uni91AB uni751F uni751F uni6D3B,uni6A5F uni91AB
牙齒很大所以感到悲傷的成人,牙大成,uni7259 uni9F52 uni5F88 uni5927 uni6240 uni4EE5 uni611F uni5230 uni60B2 uni50B7 uni7684 uni6210 uni4EBA,uni7259 uni5927 uni6210
science fiction,SF,s c i e n c e space f i c t i o n,S F
"animation, comic, game",ACG,a n i m a t i o n comma space c o m i c comma space g a m e,A C G
young adult movie,YA,y o u n g space a d u l t space m o v i e,Y A
bad ending,BE,b a d space e n d i n g,B E
happy ending,HE,h a p p y space e n d i n g,H E
true ending,TE,t r u e space e n d i n g,T E
normal ending,NE,n o r m a l space e n d i n g,N E
boy's love,BL,b o y quotesingle s space l o v e,B L
girl's love,GL,g i r l quotesingle s space l o v e,G L
boy & girl,BG,b o y space ampersand space g i r l,B G
promotion video,PV,p r o m o t i o n space v i d e o,P V
Character Voice,CV,C h a r a c t e r space V o i c e,C V
drama music,DRAMA,d r a m a space m u s i c,D R A M A
opening song,OP,o p e n i n g space s o n g,O P
ending song,ED,e n d i n g space s o n g,E D
original video animation,OVA,o r i g i n a l space v i d e o space a n i m a t i o n,O V A
original soundtrack,OST,o r i g i n a l space s o u n d t r a c k,O S T
music video,MV,m u s i c space v i d e o,M V
background music,BGM,b a c k g r o u n d space m u s i c,B G M
進擊的巨人,進巨,uni9032 uni64CA uni7684 uni5DE8 uni4EBA,uni9032 uni5DE8
刀劍神域,刀劍,uni5200 uni528D uni795E uni57DF,uni5200 uni528D
吹響吧！上低音號,京吹,uni5439 uni97FF uni5427 exclam.full uni4E0A uni4F4E uni97F3 uni865F,uni4EAC uni5439
無職轉生～到了異世界就拿出真本事,無職,uni7121 uni8077 uni8F49 uni751F asciitilde.full uni5230 uni4E86 uni7570 uni4E16 uni754C uni5C31 uni62FF uni51FA uni771F uni672C uni4E8B,uni7121 uni8077
我的英雄學院,我英,uni6211 uni7684 uni82F1 uni96C4 uni5B78 uni9662,uni6211 uni82F1
夜晚的水母不會游泳,水母,uni591C uni665A uni7684 uni6C34 uni6BCD uni4E0D uni6703 uni6E38 uni6CF3,uni6C34 uni6BCD
我內心的糟糕念頭,我心糟,uni6211 uni5167 uni5FC3 uni7684 uni7CDF uni7CD5 uni5FF5 uni982D,uni6211 uni5FC3 uni7CDF
四月是你的謊言,四謊,uni56DB uni6708 uni662F uni4F60 uni7684 uni8B0A uni8A00,uni56DB uni8B0A
排球少年,排少,uni6392 uni7403 uni5C11 uni5E74,uni6392 uni5C11
影子籃球員,影籃,uni5F71 uni5B50 uni7C43 uni7403 uni54E1,uni5F71 uni7C43
火影忍者,火影,uni706B uni5F71 uni5FCD uni8005,uni706B uni5F71
ONE PIECE,海賊,O N E space P I E C E,uni6D77 uni8CCA
BLEACH,死神,B L E A C H,uni6B7B uni795E
數碼寶貝,數碼,uni6578 uni78BC uni5BF6 uni8C9D,uni6578 uni78BC
我想成為影之強者！,暗影大人,uni6211 uni60F3 uni6210 uni70BA uni5F71 uni4E4B uni5F37 uni8005 exclam.full,uni6697 uni5F71 uni5927 uni4EBA
轉生成蜘蛛又怎樣！,蜘蛛,uni8F49 uni751F uni6210 uni8718 uni86DB uni53C8 uni600E uni6A23 exclam.full,uni8718 uni86DB
我們仍未知道那天所看見的花名。,未聞花名,uni6211 uni5011 uni4ECD uni672A uni77E5 uni9053 uni90A3 uni5929 uni6240 uni770B uni898B uni7684 uni82B1 uni540D period-han,uni672A uni805E uni82B1 uni540D
果然我的青春戀愛喜劇搞錯了,果青,uni679C uni7136 uni6211 uni7684 uni9752 uni6625 uni6200 uni611B uni559C uni5287 uni641E uni932F uni4E86,uni679C uni9752
鬼滅之刃,鬼滅,uni9B3C uni6EC5 uni4E4B uni5203,uni9B3C uni6EC5
鋼之鍊金術師,鋼鍊,uni92FC uni4E4B uni934A uni91D1 uni8853 uni5E2B,uni92FC uni934A
魔法科高中的劣等生,魔劣,uni9B54 uni6CD5 uni79D1 uni9AD8 uni4E2D uni7684 uni52A3 uni7B49 uni751F,uni9B54 uni52A3
86不存在的戰區,86,eight six uni4E0D uni5B58 uni5728 uni7684 uni6230 uni5340,eight six
在地下城尋求邂逅是否搞錯了什麼,地下城,uni5728 uni5730 uni4E0B uni57CE uni5C0B uni6C42 uni9082 uni9005 uni662F uni5426 uni641E uni932F uni4E86 uni4EC0 uni9EBC,uni5730 uni4E0B uni57CE
末日時在做什麼？有沒有空？可以來拯救嗎？,末日三問,uni672B uni65E5 uni6642 uni5728 uni505A uni4EC0 uni9EBC question.full uni6709 uni6C92 uni6709 uni7A7A question.full uni53EF uni4EE5 uni4F86 uni62EF uni6551 uni55CE question.full,uni672B uni65E5 uni4E09 uni554F
櫻花莊的寵物女孩,櫻花莊,uni6AFB uni82B1 uni838A uni7684 uni5BF5 uni7269 uni5973 uni5B69,uni6AFB uni82B1 uni838A
紫羅蘭永恆花園,紫羅蘭,uni7D2B uni7F85 uni862D uni6C38 uni6046 uni82B1 uni5712,uni7D2B uni7F85 uni862D
咒術迴戰,咒術,uni5492 uni8853 uni8FF4 uni6230,uni5492 uni8853
SPY×FAMILY,++9,S P Y multiply F A M I L Y,plus plus nine
間諜家家酒,++9,uni9593 uni8ADC uni5BB6 uni5BB6 uni9152,plus plus nine
魔導少年,妖尾,uni9B54 uni5C0E uni5C11 uni5E74,uni5996 uni5C3E
FAIRY TAIL,妖尾,F A I R Y space T A I L,uni5996 uni5C3E
家庭教師HITMAN REBORN!,家教,uni5BB6 uni5EAD uni6559 uni5E2B H I T M A N space R E B O R N exclam,uni5BB6 uni6559
魔法禁書目錄,魔禁,uni9B54 uni6CD5 uni7981 uni66F8 uni76EE uni9304,uni9B54 uni7981
科學超電磁砲,超砲,uni79D1 uni5B78 uni8D85 uni96FB uni78C1 uni7832,uni8D85 uni7832
為美好的世界獻上祝福！,美好世界,uni70BA uni7F8E uni597D uni7684 uni4E16 uni754C uni737B uni4E0A uni795D uni798F exclam.full,uni7F8E uni597D uni4E16 uni754C
路人超能100,路人,uni8DEF uni4EBA uni8D85 uni80FD one zero zero,uni8DEF uni4EBA
擁有超常技能的異世界流浪美食家,流浪美食家,uni64C1 uni6709 uni8D85 uni5E38 uni6280 uni80FD uni7684 uni7570 uni4E16 uni754C uni6D41 uni6D6A uni7F8E uni98DF uni5BB6,uni6D41 uni6D6A uni7F8E uni98DF uni5BB6
月刊少女野崎君,月刊少女,uni6708 uni520A uni5C11 uni5973 uni91CE uni5D0E uni541B,uni6708 uni520A uni5C11 uni5973
轉生成女性向遊戲只有毀滅END的壞人大小姐,破滅Flag,uni8F49 uni751F uni6210 uni5973 uni6027 uni5411 uni904A uni6232 uni53EA uni6709 uni6BC0 uni6EC5 E N D uni7684 uni58DE uni4EBA uni5927 uni5C0F uni59D0,uni7834 uni6EC5 F l a g
去參加聯誼，卻發現完全沒有女生在場,聯誼沒有女生,uni53BB uni53C3 uni52A0 uni806F uni8ABC comma.full uni537B uni767C uni73FE uni5B8C uni5168 uni6C92 uni6709 uni5973 uni751F uni5728 uni5834,uni806F uni8ABC uni6C92 uni6709 uni5973 uni751F
關於我轉生變成史萊姆這檔事,轉生史萊姆,uni95DC uni65BC uni6211 uni8F49 uni751F uni8B8A uni6210 uni53F2 uni840A uni59C6 uni9019 uni6A94 uni4E8B,uni8F49 uni751F uni53F2 uni840A uni59C6
在異世界獲得超強能力的我，在現實世界照樣無敵～等級提升改變人生命運～,異世升級，現實無敵,uni5728 uni7570 uni4E16 uni754C uni7372 uni5F97 uni8D85 uni5F37 uni80FD uni529B uni7684 uni6211 comma.full uni5728 uni73FE uni5BE6 uni4E16 uni754C uni7167 uni6A23 uni7121 uni6575 asciitilde.full uni7B49 uni7D1A uni63D0 uni5347 uni6539 uni8B8A uni4EBA uni751F uni547D uni904B asciitilde.full,uni7570 uni4E16 uni5347 uni7D1A comma.full uni73FE uni5BE6 uni7121 uni6575
怕痛的我，把防禦力點滿就對了,防點滿,uni6015 uni75DB uni7684 uni6211 comma.full uni628A uni9632 uni79A6 uni529B uni9EDE uni6EFF uni5C31 uni5C0D uni4E86,uni9632 uni9EDE uni6EFF
不時輕聲地以俄語遮羞的鄰座艾莉同學,遮羞艾莉,uni4E0D uni6642 uni8F15 uni8072 uni5730 uni4EE5 uni4FC4 uni8A9E uni906E uni7F9E uni7684 uni9130 uni5EA7 uni827E uni8389 uni540C uni5B78,uni906E uni7F9E uni827E uni8389
Re：從零開始的異世界生活,Re:0,R e colon.full uni5F9E uni96F6 uni958B uni59CB uni7684 uni7570 uni4E16 uni754C uni751F uni6D3B,R e colon zero
HUNTER×HUNTER ,獵人,H U N T E R multiply H U N T E R space,uni7375 uni4EBA
家庭教師HITMAN REBORN！,家教,uni5BB6 uni5EAD uni6559 uni5E2B H I T M A N space R E B O R N exclam.full,uni5BB6 uni6559
齊木楠雄的災難,齊木,uni9F4A uni6728 uni6960 uni96C4 uni7684 uni707D uni96E3,uni9F4A uni6728
葬送的芙莉蓮,芙莉蓮,uni846C uni9001 uni7684 uni8299 uni8389 uni84EE,uni8299 uni8389 uni84EE
名偵探柯南,柯南,uni540D uni5075 uni63A2 uni67EF uni5357,uni67EF uni5357
魔物獵人,萌夯,uni9B54 uni7269 uni7375 uni4EBA,uni840C uni592F
我推的孩子,我推,uni6211 uni63A8 uni7684 uni5B69 uni5B50,uni6211 uni63A8
俗女養成記,俗女,uni4FD7 uni5973 uni990A uni6210 uni8A18,uni4FD7 uni5973
花甲男孩轉大人,花甲,uni82B1 uni7532 uni7537 uni5B69 uni8F49 uni5927 uni4EBA,uni82B1 uni7532
莎士比亞的妹妹們的劇團,莎妹劇團,uni838E uni58EB uni6BD4 uni4E9E uni7684 uni59B9 uni59B9 uni5011 uni7684 uni5287 uni5718,uni838E uni59B9 uni5287 uni5718
表演工作坊,表坊,uni8868 uni6F14 uni5DE5 uni4F5C uni574A,uni8868 uni574A
敗犬女王,敗犬,uni6557 uni72AC uni5973 uni738B,uni6557 uni72AC
我的婆婆怎麼那麼可愛,我的婆婆,uni6211 uni7684 uni5A46 uni5A46 uni600E uni9EBC uni90A3 uni9EBC uni53EF uni611B,uni6211 uni7684 uni5A46 uni5A46
你的孩子不是你的孩子,你的孩子,uni4F60 uni7684 uni5B69 uni5B50 uni4E0D uni662F uni4F60 uni7684 uni5B69 uni5B50,uni4F60 uni7684 uni5B69 uni5B50
我們與惡的距離,與惡,uni6211 uni5011 uni8207 uni60E1 uni7684 uni8DDD uni96E2,uni8207 uni60E1
八尺門的辯護人,八尺門,uni516B uni5C3A uni9580 uni7684 uni8FAF uni8B77 uni4EBA,uni516B uni5C3A uni9580
關於我和鬼變成家人的那件事,鬼家人,uni95DC uni65BC uni6211 uni548C uni9B3C uni8B8A uni6210 uni5BB6 uni4EBA uni7684 uni90A3 uni4EF6 uni4E8B,uni9B3C uni5BB6 uni4EBA
月薪嬌妻,逃恥,uni6708 uni85AA uni5B0C uni59BB,uni9003 uni6065
台灣通勤第一品牌,台通,uni53F0 uni7063 uni901A uni52E4 uni7B2C uni4E00 uni54C1 uni724C,uni53F0 uni901A
娛樂百分百,娛百,uni5A1B uni6A02 uni767E uni5206 uni767E,uni5A1B uni767E
康熙來了,康熙,uni5EB7 uni7199 uni4F86 uni4E86,uni5EB7 uni7199
我猜我猜我猜猜猜,我猜,uni6211 uni731C uni6211 uni731C uni6211 uni731C uni731C uni731C,uni6211 uni731C
法律白話文運動,法白,uni6CD5 uni5F8B uni767D uni8A71 uni6587 uni904B uni52D5,uni6CD5 uni767D
上班不要看,上不,uni4E0A uni73ED uni4E0D uni8981 uni770B,uni4E0A uni4E0D
木曜超玩,木曜,uni6728 uni66DC uni8D85 uni73A9,uni6728 uni66DC
PlayerUnknown's Battlegrounds,PUBG,P l a y e r U n k n o w n quotesingle s space B a t t l e g r o u n d s,P U B G
神魔之塔,神魔,uni795E uni9B54 uni4E4B uni5854,uni795E uni9B54
Ragnarok Online,RO,R a g n a r o k space O n l i n e,R O
Final Fantasy,FF,F i n a l space F a n t a s y,F F
星際大戰,星戰,uni661F uni969B uni5927 uni6230,uni661F uni6230
薩爾達傳說,薩爾達,uni85A9 uni723E uni9054 uni50B3 uni8AAA,uni85A9 uni723E uni9054
鬥陣特攻,鬥陣,uni9B25 uni9663 uni7279 uni653B,uni9B25 uni9663
特戰英豪,特戰,uni7279 uni6230 uni82F1 uni8C6A,uni7279 uni6230
超級拉姆,超拉,uni8D85 uni7D1A uni62C9 uni59C6,uni8D85 uni62C9
Grand Theft Auto,GTA,G r a n d space T h e f t space A u t o,G T A
Counter-Strike,CS,C o u n t e r hyphen S t r i k e,C S
Overwatch,OW,O v e r w a t c h,O W
Minecraft,麥塊,M i n e c r a f t,uni9EA5 uni584A
宅男行不行,TBBT,uni5B85 uni7537 uni884C uni4E0D uni884C,T B B T
The Big Bang Theory,TBBT,T h e space B i g space B a n g space T h e o r y,T B B T
星海爭霸,星海,uni661F uni6D77 uni722D uni9738,uni661F uni6D77
LNG Workshop,LNG,L N G space W o r k s h o p,L N G
英雄聯盟,LoL,uni82F1 uni96C4 uni806F uni76DF,L o L
傳說對決,傳說,uni50B3 uni8AAA uni5C0D uni6C7A,uni50B3 uni8AAA
以你的名字呼喚我,CMBYN,uni4EE5 uni4F60 uni7684 uni540D uni5B57 uni547C uni559A uni6211,C M B Y N
Call Me by Your Name,CMBYN,C a l l space M e space b y space Y o u r space N a m e,C M B Y N
媽的多重宇宙,EEAAO,uni5ABD uni7684 uni591A uni91CD uni5B87 uni5B99,E E A A O
Everything Everywhere All at Once,EEAAO,E v e r y t h i n g space E v e r y w h e r e space A l l space a t space O n c e,E E A A O
透明雜誌,透雜,uni900F uni660E uni96DC uni8A8C,uni900F uni96DC
ONE OK ROCK,OOR,O N E space O K space R O C K,O O R
Tizzy Bac,TB,T i z z y space B a c,T B
巨大的轟鳴,巨轟,uni5DE8 uni5927 uni7684 uni8F5F uni9CF4,uni5DE8 uni8F5F
南瓜妮歌迷俱樂部,南瓜妮,uni5357 uni74DC uni59AE uni6B4C uni8FF7 uni4FF1 uni6A02 uni90E8,uni5357 uni74DC uni59AE
MAMAMOO,媽木,M A M A M O O,uni5ABD uni6728
蘇打綠,打綠,uni8607 uni6253 uni7DA0,uni6253 uni7DA0
傻子與白痴,傻白,uni50BB uni5B50 uni8207 uni767D uni75F4,uni50BB uni767D
deca joins,deca,d e c a space j o i n s,d e c a
草東沒有派對,草東,uni8349 uni6771 uni6C92 uni6709 uni6D3E uni5C0D,uni8349 uni6771
美秀集團,美秀,uni7F8E uni79C0 uni96C6 uni5718,uni7F8E uni79C0
無妄合作社,無妄,uni7121 uni5984 uni5408 uni4F5C uni793E,uni7121 uni5984
濁水溪公社,濁團,uni6FC1 uni6C34 uni6EAA uni516C uni793E,uni6FC1 uni5718
落日飛車,飛車,uni843D uni65E5 uni98DB uni8ECA,uni98DB uni8ECA
Vast & Hazy,VH,V a s t space ampersand space H a z y,V H
萬能青年旅店,萬青,uni842C uni80FD uni9752 uni5E74 uni65C5 uni5E97,uni842C uni9752
my little airport,MLA,m y space l i t t l e space a i r p o r t,M L A
法蘭黛樂團,法蘭黛,uni6CD5 uni862D uni9EDB uni6A02 uni5718,uni6CD5 uni862D uni9EDB
I Don't Like Mondays,IDLMs,I space D o n quotesingle t space L i k e space M o n d a y s,I D L M s
溫室雜草,溫雜,uni6EAB uni5BA4 uni96DC uni8349,uni6EAB uni96DC
我是機車少女,機少,uni6211 uni662F uni6A5F uni8ECA uni5C11 uni5973,uni6A5F uni5C11
Stray Kids,迷孩,S t r a y space K i d s,uni8FF7 uni5B69
Twice,兔,T w i c e,uni5154
SEVENTEEN,17,S E V E N T E E N,one seven
Red Velvet,紅貝貝,R e d space V e l v e t,uni7D05 uni8C9D uni8C9D
BOYNEXTDOOR,門童,B O Y N E X T D O O R,uni9580 uni7AE5
宇宙少女,宇少,uni5B87 uni5B99 uni5C11 uni5973,uni5B87 uni5C11
Gfriend,小女友,G f r i e n d,uni5C0F uni5973 uni53CB
Tom Hiddleston,抖森,T o m space H i d d l e s t o n,uni6296 uni68EE
Timothée Chalamet,甜茶,T i m o t h eacute e space C h a l a m e t,uni751C uni8336
Michael Fassbender,法鯊,M i c h a e l space F a s s b e n d e r,uni6CD5 uni9BCA
SixTONES ,六筒,S i x T O N E S space,uni516D uni7B52
少女時代,少時,uni5C11 uni5973 uni6642 uni4EE3,uni5C11 uni6642
雞蛋蒸肉餅（GDJYB）,雞餅,uni96DE uni86CB uni84B8 uni8089 uni9905 parenleft.full G D J Y B parenright.full,uni96DE uni9905
BLACKPINK,BP,B L A C K P I N K,B P
防彈少年團,BTS,uni9632 uni5F48 uni5C11 uni5E74 uni5718,B T S
麥克傑克森,MJ,uni9EA5 uni514B uni5091 uni514B uni68EE,M J
Cristiano Ronaldo dos Santos Aveiro,C羅,C r i s t i a n o space R o n a l d o space d o s space S a n t o s space A v e i r o,C uni7F85
Bruno Miguel Borges Fernandes,B費,B r u n o space M i g u e l space B o r g e s space F e r n a n d e s,B uni8CBB
曼徹斯特聯足球俱樂部,曼聯,uni66FC uni5FB9 uni65AF uni7279 uni806F uni8DB3 uni7403 uni4FF1 uni6A02 uni90E8,uni66FC uni806F
曼徹斯特成足球俱樂部,曼城,uni66FC uni5FB9 uni65AF uni7279 uni6210 uni8DB3 uni7403 uni4FF1 uni6A02 uni90E8,uni66FC uni57CE
利物浦足球俱樂部,利物浦,uni5229 uni7269 uni6D66 uni8DB3 uni7403 uni4FF1 uni6A02 uni90E8,uni5229 uni7269 uni6D66
諾丁漢森林足球俱樂部,森林,uni8AFE uni4E01 uni6F22 uni68EE uni6797 uni8DB3 uni7403 uni4FF1 uni6A02 uni90E8,uni68EE uni6797
兵工廠足球俱樂部,兵工廠,uni5175 uni5DE5 uni5EE0 uni8DB3 uni7403 uni4FF1 uni6A02 uni90E8,uni5175 uni5DE5 uni5EE0
切爾西足球俱樂部,切爾西,uni5207 uni723E uni897F uni8DB3 uni7403 uni4FF1 uni6A02 uni90E8,uni5207 uni723E uni897F
紐卡索聯足球俱樂部,紐卡索,uni7D10 uni5361 uni7D22 uni806F uni8DB3 uni7403 uni4FF1 uni6A02 uni90E8,uni7D10 uni5361 uni7D22
伯恩茅斯足球俱樂部,伯恩茅斯,uni4F2F uni6069 uni8305 uni65AF uni8DB3 uni7403 uni4FF1 uni6A02 uni90E8,uni4F2F uni6069 uni8305 uni65AF
富勒姆足球俱樂部,富勒姆,uni5BCC uni52D2 uni59C6 uni8DB3 uni7403 uni4FF1 uni6A02 uni90E8,uni5BCC uni52D2 uni59C6
阿斯頓維拉足球俱樂部,維拉,uni963F uni65AF uni9813 uni7DAD uni62C9 uni8DB3 uni7403 uni4FF1 uni6A02 uni90E8,uni7DAD uni62C9
布萊頓荷甫阿爾比恩足球俱樂部,布萊頓,uni5E03 uni840A uni9813 uni8377 uni752B uni963F uni723E uni6BD4 uni6069 uni8DB3 uni7403 uni4FF1 uni6A02 uni90E8,uni5E03 uni840A uni9813
托登罕熱刺足球俱樂部,熱刺,uni6258 uni767B uni7F55 uni71B1 uni523A uni8DB3 uni7403 uni4FF1 uni6A02 uni90E8,uni71B1 uni523A
水晶宮足球俱樂部,水晶宮,uni6C34 uni6676 uni5BAE uni8DB3 uni7403 uni4FF1 uni6A02 uni90E8,uni6C34 uni6676 uni5BAE
埃佛頓足球俱樂部,埃佛頓,uni57C3 uni4F5B uni9813 uni8DB3 uni7403 uni4FF1 uni6A02 uni90E8,uni57C3 uni4F5B uni9813
伍爾福漢普頓流浪者足球俱樂部,狼隊,uni4F0D uni723E uni798F uni6F22 uni666E uni9813 uni6D41 uni6D6A uni8005 uni8DB3 uni7403 uni4FF1 uni6A02 uni90E8,uni72FC uni968A
伊普斯維奇鎮足球俱樂部,伊普斯,uni4F0A uni666E uni65AF uni7DAD uni5947 uni93AE uni8DB3 uni7403 uni4FF1 uni6A02 uni90E8,uni4F0A uni666E uni65AF
萊徹斯特城足球俱樂部,萊徹斯特,uni840A uni5FB9 uni65AF uni7279 uni57CE uni8DB3 uni7403 uni4FF1 uni6A02 uni90E8,uni840A uni5FB9 uni65AF uni7279
英格蘭超級足球聯賽,英超,uni82F1 uni683C uni862D uni8D85 uni7D1A uni8DB3 uni7403 uni806F uni8CFD,uni82F1 uni8D85
西班牙足球甲級聯賽,西甲,uni897F uni73ED uni7259 uni8DB3 uni7403 uni7532 uni7D1A uni806F uni8CFD,uni897F uni7532
意大利足球甲級聯賽,意甲,uni610F uni5927 uni5229 uni8DB3 uni7403 uni7532 uni7D1A uni806F uni8CFD,uni610F uni7532
德國足球甲級聯賽,德甲,uni5FB7 uni570B uni8DB3 uni7403 uni7532 uni7D1A uni806F uni8CFD,uni5FB7 uni7532
法國足球甲級聯賽,法甲,uni6CD5 uni570B uni8DB3 uni7403 uni7532 uni7D1A uni806F uni8CFD,uni6CD5 uni7532
日本職業足球聯賽,J.League,uni65E5 uni672C uni8077 uni696D uni8DB3 uni7403 uni806F uni8CFD,J period L e a g u e
歐洲足球錦標賽,歐國盃,uni6B50 uni6D32 uni8DB3 uni7403 uni9326 uni6A19 uni8CFD,uni6B50 uni570B uni76C3
歐洲冠軍聯賽,歐冠,uni6B50 uni6D32 uni51A0 uni8ECD uni806F uni8CFD,uni6B50 uni51A0
國際足球總會,FIFA,uni570B uni969B uni8DB3 uni7403 uni7E3D uni6703,F I F A
企業排球聯賽,企排,uni4F01 uni696D uni6392 uni7403 uni806F uni8CFD,uni4F01 uni6392
中華職業棒球大聯盟,中華職棒,uni4E2D uni83EF uni8077 uni696D uni68D2 uni7403 uni5927 uni806F uni76DF,uni4E2D uni83EF uni8077 uni68D2
台灣職業籃球大聯盟,TPBL,uni53F0 uni7063 uni8077 uni696D uni7C43 uni7403 uni5927 uni806F uni76DF,T P B L
美國職業籃球聯賽,NBA,uni7F8E uni570B uni8077 uni696D uni7C43 uni7403 uni806F uni8CFD,N B A
現實生活,現生,uni73FE uni5BE6 uni751F uni6D3B,uni73FE uni751F
團體滅亡,團滅,uni5718 uni9AD4 uni6EC5 uni4EA1,uni5718 uni6EC5
送人頭,送頭,uni9001 uni4EBA uni982D,uni9001 uni982D
表情管理,表管,uni8868 uni60C5 uni7BA1 uni7406,uni8868 uni7BA1
中華人民共和國,中國,uni4E2D uni83EF uni4EBA uni6C11 uni5171 uni548C uni570B,uni4E2D uni570B
美利堅合眾國,美國,uni7F8E uni5229 uni5805 uni5408 uni773E uni570B,uni7F8E uni570B
大不列顛暨北愛爾蘭聯合王國,英國,uni5927 uni4E0D uni5217 uni985B uni66A8 uni5317 uni611B uni723E uni862D uni806F uni5408 uni738B uni570B,uni82F1 uni570B
朝鮮民主主義人民共和國,朝鮮,uni671D uni9BAE uni6C11 uni4E3B uni4E3B uni7FA9 uni4EBA uni6C11 uni5171 uni548C uni570B,uni671D uni9BAE
印度共和國,印度,uni5370 uni5EA6 uni5171 uni548C uni570B,uni5370 uni5EA6
印度尼西亞共和國,印尼,uni5370 uni5EA6 uni5C3C uni897F uni4E9E uni5171 uni548C uni570B,uni5370 uni5C3C
亞美利加洲,美洲,uni4E9E uni7F8E uni5229 uni52A0 uni6D32,uni7F8E uni6D32
亞細亞洲,亞洲,uni4E9E uni7D30 uni4E9E uni6D32,uni4E9E uni6D32
法蘭西共和國,法國,uni6CD5 uni862D uni897F uni5171 uni548C uni570B,uni6CD5 uni570B
阿非利加洲,非洲,uni963F uni975E uni5229 uni52A0 uni6D32,uni975E uni6D32
德意志聯邦共和國,德國,uni5FB7 uni610F uni5FD7 uni806F uni90A6 uni5171 uni548C uni570B,uni5FB7 uni570B
澳大利亞,澳洲,uni6FB3 uni5927 uni5229 uni4E9E,uni6FB3 uni6D32
阿拉伯聯合大公國,阿聯,uni963F uni62C9 uni4F2F uni806F uni5408 uni5927 uni516C uni570B,uni963F uni806F
南非共和國,南非,uni5357 uni975E uni5171 uni548C uni570B,uni5357 uni975E
恭貼瑪哈納空,曼谷,uni606D uni8CBC uni746A uni54C8 uni7D0D uni7A7A,uni66FC uni8C37
Krung Thep Maha Nakhon,曼谷,K r u n g space T h e p space M a h a space N a k h o n,uni66FC uni8C37
泰王國,泰國,uni6CF0 uni738B uni570B,uni6CF0 uni570B
俄羅斯聯邦,俄羅斯,uni4FC4 uni7F85 uni65AF uni806F uni90A6,uni4FC4 uni7F85 uni65AF
蘇維埃社會主義共和國聯邦,蘇聯,uni8607 uni7DAD uni57C3 uni793E uni6703 uni4E3B uni7FA9 uni5171 uni548C uni570B uni806F uni90A6,uni8607 uni806F
歐洲聯盟,歐盟,uni6B50 uni6D32 uni806F uni76DF,uni6B50 uni76DF
北大西洋公約組織,北約,uni5317 uni5927 uni897F uni6D0B uni516C uni7D04 uni7D44 uni7E54,uni5317 uni7D04
臺灣水泥股份有限公司,台泥,uni81FA uni7063 uni6C34 uni6CE5 uni80A1 uni4EFD uni6709 uni9650 uni516C uni53F8,uni53F0 uni6CE5
統一企業股份有限公司,統一,uni7D71 uni4E00 uni4F01 uni696D uni80A1 uni4EFD uni6709 uni9650 uni516C uni53F8,uni7D71 uni4E00
台灣塑膠工業股份有限公司,台塑,uni53F0 uni7063 uni5851 uni81A0 uni5DE5 uni696D uni80A1 uni4EFD uni6709 uni9650 uni516C uni53F8,uni53F0 uni5851
南亞塑膠工業股份有限公司,南亞,uni5357 uni4E9E uni5851 uni81A0 uni5DE5 uni696D uni80A1 uni4EFD uni6709 uni9650 uni516C uni53F8,uni5357 uni4E9E
台灣化學纖維股份有限公司,台化,uni53F0 uni7063 uni5316 uni5B78 uni7E96 uni7DAD uni80A1 uni4EFD uni6709 uni9650 uni516C uni53F8,uni53F0 uni5316
中國鋼鐵股份有限公司,中鋼,uni4E2D uni570B uni92FC uni9435 uni80A1 uni4EFD uni6709 uni9650 uni516C uni53F8,uni4E2D uni92FC
和泰汽車股份有限公司,和泰車,uni548C uni6CF0 uni6C7D uni8ECA uni80A1 uni4EFD uni6709 uni9650 uni516C uni53F8,uni548C uni6CF0 uni8ECA
光寶科技股份有限公司,光寶科,uni5149 uni5BF6 uni79D1 uni6280 uni80A1 uni4EFD uni6709 uni9650 uni516C uni53F8,uni5149 uni5BF6 uni79D1
聯華電子股份有限公司,聯電,uni806F uni83EF uni96FB uni5B50 uni80A1 uni4EFD uni6709 uni9650 uni516C uni53F8,uni806F uni96FB
台達電子工業股份有限公司,台達電,uni53F0 uni9054 uni96FB uni5B50 uni5DE5 uni696D uni80A1 uni4EFD uni6709 uni9650 uni516C uni53F8,uni53F0 uni9054 uni96FB
鴻海精密工業股份有限公司,鴻海,uni9D3B uni6D77 uni7CBE uni5BC6 uni5DE5 uni696D uni80A1 uni4EFD uni6709 uni9650 uni516C uni53F8,uni9D3B uni6D77
國巨股份有限公司,國巨,uni570B uni5DE8 uni80A1 uni4EFD uni6709 uni9650 uni516C uni53F8,uni570B uni5DE8
台灣積體電路製造股份有限公司,台積電,uni53F0 uni7063 uni7A4D uni9AD4 uni96FB uni8DEF uni88FD uni9020 uni80A1 uni4EFD uni6709 uni9650 uni516C uni53F8,uni53F0 uni7A4D uni96FB
智邦科技股份有限公司,智邦,uni667A uni90A6 uni79D1 uni6280 uni80A1 uni4EFD uni6709 uni9650 uni516C uni53F8,uni667A uni90A6
華碩電腦股份有限公司,華碩,uni83EF uni78A9 uni96FB uni8166 uni80A1 uni4EFD uni6709 uni9650 uni516C uni53F8,uni83EF uni78A9
瑞昱半導體股份有限公司,瑞昱,uni745E uni6631 uni534A uni5C0E uni9AD4 uni80A1 uni4EFD uni6709 uni9650 uni516C uni53F8,uni745E uni6631
廣達電腦股份有限公司,廣達,uni5EE3 uni9054 uni96FB uni8166 uni80A1 uni4EFD uni6709 uni9650 uni516C uni53F8,uni5EE3 uni9054
研華股份有限公司,研華,uni7814 uni83EF uni80A1 uni4EFD uni6709 uni9650 uni516C uni53F8,uni7814 uni83EF
中華電信股份有限公司,中華電,uni4E2D uni83EF uni96FB uni4FE1 uni80A1 uni4EFD uni6709 uni9650 uni516C uni53F8,uni4E2D uni83EF uni96FB
聯發科技股份有限公司,聯發科,uni806F uni767C uni79D1 uni6280 uni80A1 uni4EFD uni6709 uni9650 uni516C uni53F8,uni806F uni767C uni79D1
長榮海運股份有限公司,長榮,uni9577 uni69AE uni6D77 uni904B uni80A1 uni4EFD uni6709 uni9650 uni516C uni53F8,uni9577 uni69AE
陽明海運股份有限公司,陽明,uni967D uni660E uni6D77 uni904B uni80A1 uni4EFD uni6709 uni9650 uni516C uni53F8,uni967D uni660E
華南金融控股股份有限公司,華南金,uni83EF uni5357 uni91D1 uni878D uni63A7 uni80A1 uni80A1 uni4EFD uni6709 uni9650 uni516C uni53F8,uni83EF uni5357 uni91D1
富邦金融控股股份有限公司,富邦金,uni5BCC uni90A6 uni91D1 uni878D uni63A7 uni80A1 uni80A1 uni4EFD uni6709 uni9650 uni516C uni53F8,uni5BCC uni90A6 uni91D1
國泰金融控股股份有限公司,國泰金,uni570B uni6CF0 uni91D1 uni878D uni63A7 uni80A1 uni80A1 uni4EFD uni6709 uni9650 uni516C uni53F8,uni570B uni6CF0 uni91D1
凱基金融控股股份有限公司,凱基金,uni51F1 uni57FA uni91D1 uni878D uni63A7 uni80A1 uni80A1 uni4EFD uni6709 uni9650 uni516C uni53F8,uni51F1 uni57FA uni91D1
玉山金融控股股份有限公司,玉山金,uni7389 uni5C71 uni91D1 uni878D uni63A7 uni80A1 uni80A1 uni4EFD uni6709 uni9650 uni516C uni53F8,uni7389 uni5C71 uni91D1
元大金融控股股份有限公司,元大金,uni5143 uni5927 uni91D1 uni878D uni63A7 uni80A1 uni80A1 uni4EFD uni6709 uni9650 uni516C uni53F8,uni5143 uni5927 uni91D1
兆豐金融控股股份有限公司,兆豐金,uni5146 uni8C50 uni91D1 uni878D uni63A7 uni80A1 uni80A1 uni4EFD uni6709 uni9650 uni516C uni53F8,uni5146 uni8C50 uni91D1
台新金融控股股份有限公司,台新金,uni53F0 uni65B0 uni91D1 uni878D uni63A7 uni80A1 uni80A1 uni4EFD uni6709 uni9650 uni516C uni53F8,uni53F0 uni65B0 uni91D1
永豐金融控股股份有限公司,永豐金,uni6C38 uni8C50 uni91D1 uni878D uni63A7 uni80A1 uni80A1 uni4EFD uni6709 uni9650 uni516C uni53F8,uni6C38 uni8C50 uni91D1
中國信託金融控股股份有限公司,中信金,uni4E2D uni570B uni4FE1 uni8A17 uni91D1 uni878D uni63A7 uni80A1 uni80A1 uni4EFD uni6709 uni9650 uni516C uni53F8,uni4E2D uni4FE1 uni91D1
第一金融控股股份有限公司,第一金,uni7B2C uni4E00 uni91D1 uni878D uni63A7 uni80A1 uni80A1 uni4EFD uni6709 uni9650 uni516C uni53F8,uni7B2C uni4E00 uni91D1
統一超商股份有限公司,統一超,uni7D71 uni4E00 uni8D85 uni5546 uni80A1 uni4EFD uni6709 uni9650 uni516C uni53F8,uni7D71 uni4E00 uni8D85
大立光電股份有限公司,大立光,uni5927 uni7ACB uni5149 uni96FB uni80A1 uni4EFD uni6709 uni9650 uni516C uni53F8,uni5927 uni7ACB uni5149
奇鋐科技股份有限公司,奇鋐,uni5947 uni92D0 uni79D1 uni6280 uni80A1 uni4EFD uni6709 uni9650 uni516C uni53F8,uni5947 uni92D0
聯詠科技股份有限公司,聯詠,uni806F uni8A60 uni79D1 uni6280 uni80A1 uni4EFD uni6709 uni9650 uni516C uni53F8,uni806F uni8A60
欣興電子股份有限公司,欣興,uni6B23 uni8208 uni96FB uni5B50 uni80A1 uni4EFD uni6709 uni9650 uni516C uni53F8,uni6B23 uni8208
台灣大哥大股份有限公司,台灣大,uni53F0 uni7063 uni5927 uni54E5 uni5927 uni80A1 uni4EFD uni6709 uni9650 uni516C uni53F8,uni53F0 uni7063 uni5927
緯創資通股份有限公司,緯創,uni7DEF uni5275 uni8CC7 uni901A uni80A1 uni4EFD uni6709 uni9650 uni516C uni53F8,uni7DEF uni5275
世芯電子股份有限公司,世芯-KY,uni4E16 uni82AF uni96FB uni5B50 uni80A1 uni4EFD uni6709 uni9650 uni516C uni53F8,uni4E16 uni82AF hyphen K Y
日月光投資控股股份有限公司,日月光投控,uni65E5 uni6708 uni5149 uni6295 uni8CC7 uni63A7 uni80A1 uni80A1 uni4EFD uni6709 uni9650 uni516C uni53F8,uni65E5 uni6708 uni5149 uni6295 uni63A7
遠傳電信股份有限公司,遠傳,uni9060 uni50B3 uni96FB uni4FE1 uni80A1 uni4EFD uni6709 uni9650 uni516C uni53F8,uni9060 uni50B3
和碩聯合科技股份有限公司,和碩,uni548C uni78A9 uni806F uni5408 uni79D1 uni6280 uni80A1 uni4EFD uni6709 uni9650 uni516C uni53F8,uni548C uni78A9
中租控股股份有限公司,中租-KY,uni4E2D uni79DF uni63A7 uni80A1 uni80A1 uni4EFD uni6709 uni9650 uni516C uni53F8,uni4E2D uni79DF hyphen K Y
上海商業儲蓄銀行股份有限公司,上海商銀,uni4E0A uni6D77 uni5546 uni696D uni5132 uni84C4 uni9280 uni884C uni80A1 uni4EFD uni6709 uni9650 uni516C uni53F8,uni4E0A uni6D77 uni5546 uni9280
合作金庫金融控股股份有限公司,合庫金,uni5408 uni4F5C uni91D1 uni5EAB uni91D1 uni878D uni63A7 uni80A1 uni80A1 uni4EFD uni6709 uni9650 uni516C uni53F8,uni5408 uni5EAB uni91D1
藥華醫藥股份有限公司,藥華藥,uni85E5 uni83EF uni91AB uni85E5 uni80A1 uni4EFD uni6709 uni9650 uni516C uni53F8,uni85E5 uni83EF uni85E5
台塑石化股份有限公司,台塑化,uni53F0 uni5851 uni77F3 uni5316 uni80A1 uni4EFD uni6709 uni9650 uni516C uni53F8,uni53F0 uni5851 uni5316
緯穎科技服務股份有限公司,緯穎,uni7DEF uni7A4E uni79D1 uni6280 uni670D uni52D9 uni80A1 uni4EFD uni6709 uni9650 uni516C uni53F8,uni7DEF uni7A4E
localization,l10n,l o c a l i z a t i o n,l one zero n
internationalization,i18n,i n t e r n a t i o n a l i z a t i o n,i one eight n
中華航空,華航,uni4E2D uni83EF uni822A uni7A7A,uni83EF uni822A
長榮航空,長榮,uni9577 uni69AE uni822A uni7A7A,uni9577 uni69AE
星宇航空,星宇,uni661F uni5B87 uni822A uni7A7A,uni661F uni5B87
臺灣虎航,虎航,uni81FA uni7063 uni864E uni822A,uni864E uni822A
黑色星期五,黑五,uni9ED1 uni8272 uni661F uni671F uni4E94,uni9ED1 uni4E94
睜一閉一,睜一隻眼閉一隻眼,uni775C uni4E00 uni9589 uni4E00,uni775C uni4E00 uni96BB uni773C uni9589 uni4E00 uni96BB uni773C
特別優惠,特惠,uni7279 uni5225 uni512A uni60E0,uni7279 uni60E0
文化大革命,文革,uni6587 uni5316 uni5927 uni9769 uni547D,uni6587 uni9769
跑咖啡廳,跑咖,uni8DD1 uni5496 uni5561 uni5EF3,uni8DD1 uni5496
記錄過失,記過,uni8A18 uni9304 uni904E uni5931,uni8A18 uni904E
民意調查,民調,uni6C11 uni610F uni8ABF uni67E5,uni6C11 uni8ABF
